filename,predicted_class,confidence
cell_r0_c1_blob_1_word_1_char_00_1.png,1,0.9617
cell_r0_c1_blob_1_word_1_char_00_2.png,1,0.9591
cell_r0_c1_blob_1_word_1_char_01.png,3,0.9575
cell_r0_c1_blob_1_word_1_char_02.png,6,0.9083
cell_r0_c1_blob_1_word_1_char_03_1.png,1,0.9636
cell_r0_c1_blob_1_word_1_char_03_2.png,6,0.7626
cell_r0_c1_blob_1_word_1_char_04.png,6,0.9739
cell_r0_c1_blob_1_word_1_char_05.png,9,0.9488
cell_r0_c1_blob_1_word_1_char_06.png,6,0.8079
cell_r0_c1_blob_1_word_1_char_07_1.png,6,0.5295
cell_r0_c1_blob_1_word_1_char_07_2.png,6,0.8084
cell_r0_c1_blob_1_word_1_char_07_3.png,5,0.9818
cell_r0_c1_blob_1_word_1_char_08.png,8,0.8032
cell_r0_c1_blob_1_word_1_char_09.png,6,0.7383
cell_r0_c1_blob_1_word_1_char_10.png,6,0.8116
cell_r0_c1_blob_1_word_1_char_11.png,6,0.9545
cell_r0_c1_blob_1_word_2_char_00_1.png,8,0.42
cell_r0_c1_blob_1_word_2_char_00_2.png,3,0.8935
cell_r0_c1_blob_1_word_2_char_01.png,6,0.8247
cell_r0_c1_blob_1_word_2_char_02_1.png,0,0.7502
cell_r0_c1_blob_1_word_2_char_02_2.png,5,0.7708
cell_r0_c1_blob_1_word_2_char_03.png,7,0.86
cell_r0_c2_blob_1_word_1_char_00.png,6,0.9508
cell_r0_c2_blob_1_word_1_char_01_1.png,7,0.9956
cell_r0_c2_blob_1_word_1_char_01_2.png,1,0.908
cell_r0_c2_blob_1_word_2_char_00_1.png,1,0.7482
cell_r0_c2_blob_1_word_2_char_00_2.png,1,0.9982
cell_r0_c2_blob_1_word_2_char_01.png,3,0.9548
cell_r0_c2_blob_1_word_3_char_00_1.png,1,0.9714
cell_r0_c2_blob_1_word_3_char_00_2.png,6,0.7423
cell_r0_c2_blob_1_word_3_char_01.png,8,0.4542
cell_r0_c2_blob_1_word_3_char_02.png,1,0.9996
cell_r0_c2_blob_1_word_3_char_03_1.png,6,0.3774
cell_r0_c2_blob_1_word_3_char_03_2.png,9,0.5053
cell_r0_c2_blob_1_word_3_char_04.png,1,0.9093
cell_r0_c2_blob_1_word_3_char_05_1.png,7,0.7351
cell_r0_c2_blob_1_word_3_char_05_2.png,1,0.7998
cell_r0_c2_blob_1_word_3_char_06.png,6,0.7284
cell_r0_c4_blob_1_word_10_char_00.png,6,0.9808
cell_r0_c4_blob_1_word_10_char_01_1.png,6,0.9571
cell_r0_c4_blob_1_word_10_char_01_2.png,6,0.4911
cell_r0_c4_blob_1_word_10_char_02_1.png,6,0.8511
cell_r0_c4_blob_1_word_10_char_02_2.png,5,0.9997
cell_r0_c4_blob_1_word_10_char_03.png,0,0.985
cell_r0_c4_blob_1_word_10_char_04.png,7,0.9434
cell_r0_c4_blob_1_word_11_char_00_1.png,6,0.9616
cell_r0_c4_blob_1_word_11_char_00_2.png,6,0.7286
cell_r0_c4_blob_1_word_11_char_00_3.png,6,0.9409
cell_r0_c4_blob_1_word_11_char_01_1.png,7,0.8594
cell_r0_c4_blob_1_word_11_char_01_2.png,1,0.9912
cell_r0_c4_blob_1_word_11_char_02_1.png,6,0.4934
cell_r0_c4_blob_1_word_11_char_02_2.png,8,0.3712
cell_r0_c4_blob_1_word_11_char_03.png,6,0.9972
cell_r0_c4_blob_1_word_11_char_04_1.png,6,0.9635
cell_r0_c4_blob_1_word_11_char_04_2.png,4,0.9841
cell_r0_c4_blob_1_word_11_char_05.png,8,0.7461
cell_r0_c4_blob_1_word_11_char_06_1.png,1,0.6436
cell_r0_c4_blob_1_word_11_char_06_2.png,6,0.489
cell_r0_c4_blob_1_word_11_char_07_1.png,6,0.8472
cell_r0_c4_blob_1_word_11_char_07_2.png,6,0.694
cell_r0_c4_blob_1_word_12_char_00_1.png,6,0.9109
cell_r0_c4_blob_1_word_12_char_00_2.png,0,0.7492
cell_r0_c4_blob_1_word_12_char_00_3.png,0,0.7721
cell_r0_c4_blob_1_word_12_char_01.png,1,0.9932
cell_r0_c4_blob_1_word_12_char_02_1.png,0,0.6835
cell_r0_c4_blob_1_word_12_char_02_2.png,0,0.675
cell_r0_c4_blob_1_word_12_char_03_1.png,6,0.8361
cell_r0_c4_blob_1_word_12_char_03_2.png,0,0.4684
cell_r0_c4_blob_1_word_12_char_03_3.png,9,0.3745
cell_r0_c4_blob_1_word_12_char_04.png,6,0.8623
cell_r0_c4_blob_1_word_12_char_05.png,6,0.5956
cell_r0_c4_blob_1_word_13_char_00.png,0,0.56
cell_r0_c4_blob_1_word_14_char_00.png,6,0.8998
cell_r0_c4_blob_1_word_14_char_01.png,8,0.4001
cell_r0_c4_blob_1_word_14_char_02_1.png,3,0.892
cell_r0_c4_blob_1_word_14_char_02_2.png,6,0.8477
cell_r0_c4_blob_1_word_14_char_03.png,5,0.6532
cell_r0_c4_blob_1_word_14_char_04_1.png,6,0.7751
cell_r0_c4_blob_1_word_14_char_04_2.png,5,0.947
cell_r0_c4_blob_1_word_14_char_05.png,8,0.4966
cell_r0_c4_blob_1_word_14_char_06_1.png,6,0.7051
cell_r0_c4_blob_1_word_14_char_06_2.png,6,0.9987
cell_r0_c4_blob_1_word_14_char_07.png,6,0.9947
cell_r0_c4_blob_1_word_14_char_08_1.png,7,0.9593
cell_r0_c4_blob_1_word_14_char_08_2.png,6,0.9041
cell_r0_c4_blob_1_word_14_char_09.png,1,0.9997
cell_r0_c4_blob_1_word_14_char_10.png,6,0.6427
cell_r0_c4_blob_1_word_14_char_11_1.png,4,0.3808
cell_r0_c4_blob_1_word_14_char_11_2.png,3,0.8723
cell_r0_c4_blob_1_word_14_char_11_3.png,4,0.9535
cell_r0_c4_blob_1_word_14_char_12.png,1,0.8167
cell_r0_c4_blob_1_word_14_char_13.png,7,0.9982
cell_r0_c4_blob_1_word_14_char_14.png,9,0.7335
cell_r0_c4_blob_1_word_14_char_15_1.png,0,0.9775
cell_r0_c4_blob_1_word_14_char_15_2.png,0,0.9614
cell_r0_c4_blob_1_word_14_char_16.png,3,0.9203
cell_r0_c4_blob_1_word_15_char_00_1.png,4,0.4124
cell_r0_c4_blob_1_word_15_char_00_2.png,6,0.9982
cell_r0_c4_blob_1_word_15_char_01_1.png,6,0.5961
cell_r0_c4_blob_1_word_15_char_01_2.png,6,0.9952
cell_r0_c4_blob_1_word_15_char_02.png,8,0.742
cell_r0_c4_blob_1_word_15_char_03.png,7,0.7074
cell_r0_c4_blob_1_word_15_char_04_1.png,6,0.9989
cell_r0_c4_blob_1_word_15_char_04_2.png,6,0.9665
cell_r0_c4_blob_1_word_15_char_04_3.png,0,0.7901
cell_r0_c4_blob_1_word_16_char_00.png,1,0.5307
cell_r0_c4_blob_1_word_16_char_01.png,7,0.9691
cell_r0_c4_blob_1_word_16_char_02.png,1,0.9996
cell_r0_c4_blob_1_word_16_char_03_1.png,1,0.5001
cell_r0_c4_blob_1_word_16_char_03_2.png,8,0.4709
cell_r0_c4_blob_1_word_17_char_00.png,6,0.9976
cell_r0_c4_blob_1_word_17_char_01.png,1,0.9944
cell_r0_c4_blob_1_word_17_char_02.png,6,0.9298
cell_r0_c4_blob_1_word_18_char_00.png,0,1.0
cell_r0_c4_blob_1_word_18_char_01.png,1,1.0
cell_r0_c4_blob_1_word_18_char_02.png,1,0.9912
cell_r0_c4_blob_1_word_19_char_00.png,1,0.9948
cell_r0_c4_blob_1_word_19_char_01.png,6,0.9165
cell_r0_c4_blob_1_word_19_char_02.png,4,0.9739
cell_r0_c4_blob_1_word_1_char_00.png,6,0.5938
cell_r0_c4_blob_1_word_1_char_01.png,9,0.7942
cell_r0_c4_blob_1_word_1_char_02.png,6,0.9885
cell_r0_c4_blob_1_word_1_char_03_1.png,5,0.3817
cell_r0_c4_blob_1_word_1_char_03_2.png,9,0.6792
cell_r0_c4_blob_1_word_1_char_04.png,1,0.8828
cell_r0_c4_blob_1_word_20_char_00_1.png,6,0.8654
cell_r0_c4_blob_1_word_20_char_00_2.png,1,0.9364
cell_r0_c4_blob_1_word_20_char_00_3.png,0,0.9971
cell_r0_c4_blob_1_word_20_char_01.png,6,0.9732
cell_r0_c4_blob_1_word_21_char_00_1.png,2,0.9372
cell_r0_c4_blob_1_word_21_char_00_2.png,0,0.7995
cell_r0_c4_blob_1_word_21_char_00_3.png,2,0.6268
cell_r0_c4_blob_1_word_22_char_00.png,4,0.9621
cell_r0_c4_blob_1_word_22_char_01.png,1,0.9271
cell_r0_c4_blob_1_word_22_char_02_1.png,6,0.9941
cell_r0_c4_blob_1_word_22_char_02_2.png,6,0.9375
cell_r0_c4_blob_1_word_22_char_03.png,1,0.9999
cell_r0_c4_blob_1_word_22_char_04_1.png,0,0.9493
cell_r0_c4_blob_1_word_22_char_04_2.png,0,0.7488
cell_r0_c4_blob_1_word_22_char_05_1.png,0,0.929
cell_r0_c4_blob_1_word_22_char_05_2.png,4,0.7941
cell_r0_c4_blob_1_word_22_char_05_3.png,4,0.583
cell_r0_c4_blob_1_word_22_char_06.png,1,0.6203
cell_r0_c4_blob_1_word_22_char_07.png,6,0.4875
cell_r0_c4_blob_1_word_22_char_08_1.png,4,0.93
cell_r0_c4_blob_1_word_22_char_08_2.png,1,0.4554
cell_r0_c4_blob_1_word_22_char_09_1.png,0,0.9664
cell_r0_c4_blob_1_word_22_char_09_2.png,6,0.9992
cell_r0_c4_blob_1_word_22_char_09_3.png,0,0.7258
cell_r0_c4_blob_1_word_22_char_10.png,6,0.9813
cell_r0_c4_blob_1_word_22_char_11.png,7,0.4775
cell_r0_c4_blob_1_word_22_char_12.png,0,0.999
cell_r0_c4_blob_1_word_22_char_13.png,7,0.9832
cell_r0_c4_blob_1_word_22_char_14.png,6,0.8779
cell_r0_c4_blob_1_word_23_char_00.png,1,0.9968
cell_r0_c4_blob_1_word_23_char_01.png,1,0.9824
cell_r0_c4_blob_1_word_23_char_02.png,9,0.9202
cell_r0_c4_blob_1_word_24_char_00.png,2,0.9905
cell_r0_c4_blob_1_word_24_char_01.png,0,0.9998
cell_r0_c4_blob_1_word_24_char_02_1.png,2,0.9999
cell_r0_c4_blob_1_word_24_char_02_2.png,2,0.9942
cell_r0_c4_blob_1_word_25_char_00.png,7,0.9943
cell_r0_c4_blob_1_word_25_char_01_1.png,2,1.0
cell_r0_c4_blob_1_word_25_char_01_2.png,8,0.7635
cell_r0_c4_blob_1_word_25_char_01_3.png,2,0.9996
cell_r0_c4_blob_1_word_25_char_02.png,4,0.5132
cell_r0_c4_blob_1_word_26_char_00.png,1,0.9812
cell_r0_c4_blob_1_word_26_char_01.png,7,0.9087
cell_r0_c4_blob_1_word_26_char_02.png,7,0.8153
cell_r0_c4_blob_1_word_2_char_00_1.png,6,0.6757
cell_r0_c4_blob_1_word_2_char_00_2.png,7,0.994
cell_r0_c4_blob_1_word_2_char_01.png,7,0.9305
cell_r0_c4_blob_1_word_2_char_02_1.png,1,0.8302
cell_r0_c4_blob_1_word_2_char_02_2.png,1,0.8768
cell_r0_c4_blob_1_word_2_char_03.png,1,0.9975
cell_r0_c4_blob_1_word_2_char_04.png,6,0.6535
cell_r0_c4_blob_1_word_2_char_05.png,8,0.3444
cell_r0_c4_blob_1_word_2_char_06_1.png,4,0.6469
cell_r0_c4_blob_1_word_2_char_06_2.png,3,0.6627
cell_r0_c4_blob_1_word_2_char_06_3.png,6,0.9932
cell_r0_c4_blob_1_word_2_char_07.png,6,0.8058
cell_r0_c4_blob_1_word_2_char_08.png,6,0.9671
cell_r0_c4_blob_1_word_3_char_00_1.png,6,0.5262
cell_r0_c4_blob_1_word_3_char_00_2.png,5,0.7518
cell_r0_c4_blob_1_word_3_char_01.png,0,1.0
cell_r0_c4_blob_1_word_3_char_02.png,6,0.5694
cell_r0_c4_blob_1_word_3_char_03.png,7,0.5156
cell_r0_c4_blob_1_word_4_char_00.png,2,0.9672
cell_r0_c4_blob_1_word_4_char_01.png,9,0.7658
cell_r0_c4_blob_1_word_4_char_02.png,0,0.897
cell_r0_c4_blob_1_word_4_char_03.png,1,0.9904
cell_r0_c4_blob_1_word_4_char_04_1.png,6,0.7255
cell_r0_c4_blob_1_word_4_char_04_2.png,6,0.9796
cell_r0_c4_blob_1_word_4_char_05_1.png,6,0.8737
cell_r0_c4_blob_1_word_4_char_05_2.png,9,0.8908
cell_r0_c4_blob_1_word_4_char_05_3.png,6,0.5385
cell_r0_c4_blob_1_word_5_char_00.png,7,0.9438
cell_r0_c4_blob_1_word_5_char_01.png,1,0.5734
cell_r0_c4_blob_1_word_5_char_02_1.png,5,0.7444
cell_r0_c4_blob_1_word_5_char_02_2.png,7,0.8043
cell_r0_c4_blob_1_word_5_char_03.png,1,0.9999
cell_r0_c4_blob_1_word_5_char_04.png,0,0.9511
cell_r0_c4_blob_1_word_5_char_05.png,7,0.9486
cell_r0_c4_blob_1_word_6_char_00.png,6,0.8629
cell_r0_c4_blob_1_word_6_char_01.png,6,0.8697
cell_r0_c4_blob_1_word_6_char_02.png,1,0.9679
cell_r0_c4_blob_1_word_7_char_00.png,1,0.9964
cell_r0_c4_blob_1_word_7_char_01.png,1,0.9949
cell_r0_c4_blob_1_word_7_char_02.png,6,0.9942
cell_r0_c4_blob_1_word_7_char_03_1.png,1,0.9961
cell_r0_c4_blob_1_word_7_char_03_2.png,7,0.5104
cell_r0_c4_blob_1_word_7_char_04_1.png,6,0.5126
cell_r0_c4_blob_1_word_7_char_04_2.png,1,0.9903
cell_r0_c4_blob_1_word_7_char_05.png,0,0.561
cell_r0_c4_blob_1_word_7_char_06_1.png,7,0.608
cell_r0_c4_blob_1_word_7_char_06_2.png,7,0.5398
cell_r0_c4_blob_1_word_8_char_00_1.png,1,0.9994
cell_r0_c4_blob_1_word_8_char_00_2.png,6,0.6955
cell_r0_c4_blob_1_word_9_char_00.png,6,0.9947
cell_r0_c4_blob_1_word_9_char_01_1.png,1,0.9696
cell_r0_c4_blob_1_word_9_char_01_2.png,1,0.5024
cell_r0_c4_blob_1_word_9_char_02_1.png,0,0.6972
cell_r0_c4_blob_1_word_9_char_02_2.png,6,0.9095
cell_r10_c0_blob_1_word_1_char_00.png,3,0.9977
cell_r10_c0_blob_1_word_1_char_01.png,7,0.9549
cell_r10_c10_blob_1_word_1_char_00.png,7,0.9702
cell_r10_c10_blob_1_word_1_char_01.png,2,0.9828
cell_r10_c10_blob_1_word_2_char_00.png,2,0.7684
cell_r10_c10_blob_1_word_2_char_01.png,8,0.7282
cell_r10_c10_blob_1_word_2_char_02.png,3,0.9439
cell_r10_c10_blob_1_word_3_char_00.png,7,0.9383
cell_r10_c10_blob_1_word_3_char_01.png,1,0.9617
cell_r10_c10_blob_1_word_4_char_00.png,0,0.9977
cell_r10_c13_blob_1_word_1_char_00.png,2,0.9999
cell_r10_c14_blob_1_word_1_char_00.png,2,0.4054
cell_r10_c14_blob_1_word_1_char_01.png,2,0.9291
cell_r10_c14_blob_1_word_1_char_02.png,1,0.9339
cell_r10_c14_blob_1_word_2_char_00.png,3,0.9994
cell_r10_c14_blob_1_word_2_char_01.png,3,0.9851
cell_r10_c14_blob_1_word_3_char_00.png,7,0.9843
cell_r10_c14_blob_1_word_3_char_01.png,3,0.9847
cell_r10_c14_blob_1_word_3_char_02.png,9,1.0
cell_r10_c15_blob_1_word_1_char_00.png,7,0.9954
cell_r10_c15_blob_1_word_1_char_01.png,7,0.9975
cell_r10_c15_blob_1_word_1_char_02_1.png,7,0.9917
cell_r10_c15_blob_1_word_1_char_02_2.png,7,0.991
cell_r10_c15_blob_1_word_1_char_02_3.png,7,0.9968
cell_r10_c15_blob_1_word_2_char_00.png,5,0.7013
cell_r10_c15_blob_1_word_2_char_01.png,6,0.907
cell_r10_c15_blob_1_word_2_char_02.png,7,0.7969
cell_r10_c15_blob_1_word_2_char_03.png,2,0.9853
cell_r10_c15_blob_1_word_3_char_00.png,6,0.7047
cell_r10_c15_blob_1_word_3_char_01.png,5,0.9808
cell_r10_c15_blob_1_word_3_char_02.png,2,0.9994
cell_r10_c15_blob_1_word_3_char_03.png,7,0.5034
cell_r10_c15_blob_1_word_3_char_04.png,6,0.9809
cell_r10_c18_blob_1_word_1_char_00.png,1,0.8737
cell_r10_c18_blob_1_word_1_char_01.png,0,0.9985
cell_r10_c18_blob_1_word_2_char_00.png,6,0.9999
cell_r10_c18_blob_1_word_2_char_01.png,4,0.9966
cell_r10_c18_blob_1_word_2_char_02.png,3,0.672
cell_r10_c18_blob_1_word_3_char_00.png,7,0.9999
cell_r10_c18_blob_1_word_3_char_01.png,8,0.87
cell_r10_c18_blob_1_word_3_char_02.png,2,0.9978
cell_r10_c18_blob_1_word_4_char_00.png,5,0.9908
cell_r10_c18_blob_1_word_4_char_01.png,1,0.9943
cell_r10_c18_blob_1_word_4_char_02.png,1,0.9999
cell_r10_c4_blob_1_word_1_char_00.png,6,0.9202
cell_r10_c4_blob_1_word_1_char_01_1.png,7,0.6128
cell_r10_c4_blob_1_word_1_char_01_2.png,7,0.7763
cell_r10_c4_blob_1_word_1_char_02.png,6,0.992
cell_r10_c4_blob_1_word_1_char_03.png,7,0.8326
cell_r10_c6_blob_1_word_1_char_00.png,1,1.0
cell_r10_c6_blob_1_word_2_char_00.png,6,0.7116
cell_r10_c6_blob_1_word_2_char_01.png,1,0.9825
cell_r10_c6_blob_1_word_2_char_02.png,4,0.9611
cell_r10_c6_blob_1_word_2_char_03.png,3,0.9934
cell_r10_c6_blob_1_word_2_char_04.png,2,0.788
cell_r10_c6_blob_1_word_2_char_05.png,8,0.504
cell_r10_c6_blob_1_word_2_char_06.png,2,0.9908
cell_r10_c6_blob_1_word_2_char_07.png,1,0.9108
cell_r10_c6_blob_1_word_2_char_08.png,1,0.9952
cell_r10_c7_blob_1_word_1_char_00.png,0,0.9997
cell_r10_c7_blob_1_word_1_char_01.png,7,0.9687
cell_r10_c7_blob_1_word_1_char_02.png,2,0.984
cell_r10_c7_blob_1_word_1_char_03.png,0,0.9986
cell_r10_c9_blob_1_word_1_char_00.png,3,0.9545
cell_r11_c0_blob_1_word_1_char_00.png,2,0.998
cell_r11_c0_blob_1_word_1_char_01.png,2,1.0
cell_r11_c10_blob_1_word_1_char_00.png,1,0.8281
cell_r11_c10_blob_1_word_2_char_00.png,7,0.9999
cell_r11_c10_blob_1_word_3_char_00.png,2,1.0
cell_r11_c10_blob_1_word_4_char_00_1.png,2,1.0
cell_r11_c10_blob_1_word_4_char_00_2.png,5,0.9838
cell_r11_c10_blob_1_word_4_char_01.png,1,1.0
cell_r11_c10_blob_1_word_5_char_00.png,7,0.7261
cell_r11_c10_blob_1_word_5_char_01.png,1,0.809
cell_r11_c10_blob_1_word_6_char_00.png,0,0.9975
cell_r11_c11_blob_1_word_1_char_00.png,0,0.6179
cell_r11_c11_blob_1_word_1_char_01.png,1,0.9963
cell_r11_c11_blob_1_word_1_char_02.png,0,0.9991
cell_r11_c12_blob_1_word_1_char_00.png,7,0.8391
cell_r11_c12_blob_1_word_1_char_01.png,0,0.9979
cell_r11_c12_blob_1_word_2_char_00.png,6,0.9923
cell_r11_c12_blob_1_word_2_char_01.png,6,0.99
cell_r11_c13_blob_1_word_1_char_00.png,1,0.999
cell_r11_c14_blob_1_word_1_char_00.png,3,0.9984
cell_r11_c14_blob_1_word_2_char_00.png,7,0.8252
cell_r11_c14_blob_1_word_2_char_01.png,3,1.0
cell_r11_c14_blob_1_word_2_char_02.png,4,0.999
cell_r11_c14_blob_1_word_3_char_00.png,9,0.7619
cell_r11_c14_blob_1_word_3_char_01.png,7,0.6544
cell_r11_c14_blob_1_word_3_char_02.png,6,0.8928
cell_r11_c14_blob_1_word_3_char_03.png,1,0.9736
cell_r11_c14_blob_1_word_3_char_04.png,7,0.9974
cell_r11_c14_blob_1_word_3_char_05.png,7,0.9976
cell_r11_c15_blob_1_word_1_char_00.png,3,0.993
cell_r11_c15_blob_1_word_2_char_00.png,6,0.7871
cell_r11_c15_blob_1_word_2_char_01.png,3,0.5482
cell_r11_c15_blob_1_word_2_char_02.png,1,0.7997
cell_r11_c15_blob_1_word_3_char_00.png,8,0.9959
cell_r11_c15_blob_1_word_3_char_01.png,8,0.9056
cell_r11_c15_blob_1_word_3_char_02.png,6,0.5447
cell_r11_c15_blob_1_word_4_char_00.png,7,0.8333
cell_r11_c15_blob_1_word_4_char_01.png,7,0.9594
cell_r11_c15_blob_1_word_4_char_02.png,7,0.8752
cell_r11_c16_blob_1_word_1_char_00.png,2,1.0
cell_r11_c17_blob_1_word_1_char_00.png,7,0.6474
cell_r11_c17_blob_1_word_2_char_00.png,6,0.5743
cell_r11_c17_blob_1_word_3_char_00.png,3,0.9793
cell_r11_c17_blob_1_word_3_char_01_1.png,7,0.9992
cell_r11_c17_blob_1_word_3_char_01_2.png,1,0.674
cell_r11_c17_blob_1_word_4_char_00.png,2,0.9984
cell_r11_c17_blob_1_word_4_char_01.png,9,0.932
cell_r11_c17_blob_1_word_4_char_02.png,7,0.9884
cell_r11_c17_blob_1_word_4_char_03.png,1,0.8961
cell_r11_c17_blob_1_word_4_char_04.png,8,0.9896
cell_r11_c18_blob_1_word_1_char_00.png,0,0.9109
cell_r11_c18_blob_1_word_2_char_00.png,8,0.6927
cell_r11_c18_blob_1_word_2_char_01.png,2,0.9954
cell_r11_c18_blob_1_word_2_char_02.png,4,0.9997
cell_r11_c18_blob_1_word_3_char_00.png,6,0.6858
cell_r11_c18_blob_1_word_3_char_01.png,1,0.8468
cell_r11_c18_blob_1_word_3_char_02.png,5,0.4723
cell_r11_c18_blob_1_word_4_char_00.png,7,0.9942
cell_r11_c18_blob_1_word_4_char_01.png,6,0.8993
cell_r11_c18_blob_1_word_4_char_02.png,0,0.9848
cell_r11_c5_blob_1_word_1_char_00.png,1,0.9997
cell_r11_c6_blob_1_word_1_char_00.png,5,0.9413
cell_r11_c6_blob_1_word_2_char_00.png,2,0.9082
cell_r11_c6_blob_1_word_2_char_01.png,0,0.9995
cell_r11_c6_blob_1_word_2_char_02.png,2,0.9948
cell_r11_c6_blob_1_word_3_char_00.png,1,0.966
cell_r11_c6_blob_1_word_3_char_01.png,2,0.8007
cell_r11_c6_blob_1_word_3_char_02.png,7,0.5808
cell_r11_c6_blob_1_word_4_char_00.png,1,0.9989
cell_r11_c7_blob_1_word_1_char_00.png,3,0.9986
cell_r11_c7_blob_1_word_2_char_00.png,7,0.8809
cell_r11_c7_blob_1_word_2_char_01.png,2,0.8038
cell_r11_c7_blob_1_word_2_char_02.png,2,0.9883
cell_r11_c7_blob_1_word_3_char_00.png,1,0.9849
cell_r11_c7_blob_1_word_3_char_01.png,3,0.9998
cell_r11_c7_blob_1_word_3_char_02.png,3,0.8681
cell_r11_c7_blob_1_word_3_char_03.png,1,0.9997
cell_r11_c7_blob_1_word_3_char_04.png,1,0.9999
cell_r12_c0_blob_1_word_1_char_00.png,7,0.986
cell_r12_c1_blob_1_word_1_char_00.png,1,0.9998
cell_r12_c1_blob_1_word_1_char_01.png,6,0.9233
cell_r12_c1_blob_1_word_1_char_02.png,6,0.9494
cell_r12_c1_blob_1_word_1_char_03.png,7,0.6849
cell_r12_c1_blob_1_word_1_char_04.png,1,0.9991
cell_r12_c1_blob_1_word_1_char_05.png,0,0.8422
cell_r12_c1_blob_1_word_2_char_00.png,1,0.9293
cell_r12_c1_blob_1_word_2_char_01.png,1,0.5931
cell_r12_c1_blob_1_word_2_char_02_1.png,7,0.9222
cell_r12_c1_blob_1_word_2_char_02_2.png,6,0.9704
cell_r12_c1_blob_1_word_2_char_03.png,6,0.4254
cell_r12_c1_blob_1_word_2_char_04.png,1,0.7387
cell_r12_c1_blob_1_word_2_char_05_1.png,0,0.5601
cell_r12_c1_blob_1_word_2_char_05_2.png,6,0.6076
cell_r12_c1_blob_1_word_3_char_00_1.png,0,0.8695
cell_r12_c1_blob_1_word_3_char_00_2.png,0,0.6521
cell_r12_c1_blob_1_word_3_char_00_3.png,0,0.8342
cell_r12_c1_blob_1_word_3_char_01.png,7,0.7433
cell_r12_c1_blob_1_word_3_char_02.png,7,0.7062
cell_r12_c1_blob_1_word_3_char_03_1.png,1,0.9983
cell_r12_c1_blob_1_word_3_char_03_2.png,6,0.8335
cell_r12_c1_blob_1_word_3_char_04.png,6,0.8881
cell_r12_c1_blob_1_word_4_char_00.png,1,0.9447
cell_r12_c1_blob_1_word_4_char_01_1.png,1,0.685
cell_r12_c1_blob_1_word_4_char_01_2.png,7,0.8162
cell_r12_c1_blob_1_word_4_char_02.png,1,0.698
cell_r12_c1_blob_1_word_4_char_03_1.png,7,0.5555
cell_r12_c1_blob_1_word_4_char_03_2.png,1,0.6863
cell_r12_c1_blob_1_word_4_char_04.png,6,0.9701
cell_r12_c1_blob_1_word_5_char_00.png,0,0.7322
cell_r12_c1_blob_1_word_6_char_00_1.png,1,0.9259
cell_r12_c1_blob_1_word_6_char_00_2.png,1,0.8632
cell_r12_c1_blob_1_word_7_char_00_1.png,0,0.5099
cell_r12_c1_blob_1_word_7_char_00_2.png,9,0.3741
cell_r12_c1_blob_1_word_7_char_01_1.png,1,0.9993
cell_r12_c1_blob_1_word_7_char_01_2.png,6,0.9688
cell_r12_c1_blob_1_word_7_char_02_1.png,6,0.6133
cell_r12_c1_blob_1_word_7_char_02_2.png,1,0.9986
cell_r12_c1_blob_1_word_7_char_02_3.png,2,0.536
cell_r12_c1_blob_1_word_7_char_03.png,6,0.9386
cell_r12_c1_blob_1_word_8_char_00_1.png,8,0.5184
cell_r12_c1_blob_1_word_8_char_00_2.png,7,0.6017
cell_r12_c1_blob_1_word_8_char_01_1.png,1,0.981
cell_r12_c1_blob_1_word_8_char_01_2.png,6,0.6314
cell_r12_c1_blob_1_word_8_char_02.png,0,0.7457
cell_r12_c1_blob_1_word_8_char_03.png,0,0.6143
cell_r12_c1_blob_1_word_9_char_00_1.png,1,0.7654
cell_r12_c1_blob_1_word_9_char_00_2.png,5,0.537
cell_r12_c1_blob_1_word_9_char_01.png,9,0.5119
cell_r12_c1_blob_1_word_9_char_02.png,6,0.8406
cell_r12_c1_blob_1_word_9_char_03_1.png,6,0.5659
cell_r12_c1_blob_1_word_9_char_03_2.png,7,0.6732
cell_r12_c1_blob_1_word_9_char_04.png,1,0.7612
cell_r12_c1_blob_1_word_9_char_05.png,6,0.476
cell_r12_c1_blob_1_word_9_char_06.png,1,0.9693
cell_r12_c1_blob_1_word_9_char_07.png,6,0.9843
cell_r12_c1_blob_1_word_9_char_08.png,3,0.5594
cell_r12_c1_blob_1_word_9_char_09.png,6,0.5978
cell_r12_c1_blob_1_word_9_char_10.png,3,0.745
cell_r12_c1_blob_2_word_1_char_00.png,6,0.6288
cell_r12_c1_blob_2_word_1_char_01_1.png,1,0.9973
cell_r12_c1_blob_2_word_1_char_01_2.png,7,0.679
cell_r12_c1_blob_2_word_1_char_02.png,7,0.6414
cell_r12_c1_blob_2_word_1_char_03.png,1,0.9999
cell_r12_c1_blob_2_word_1_char_04.png,1,0.8308
cell_r12_c1_blob_2_word_1_char_05.png,1,0.9999
cell_r12_c1_blob_2_word_2_char_00.png,1,0.9485
cell_r12_c1_blob_2_word_2_char_01.png,1,0.867
cell_r12_c1_blob_2_word_2_char_02_1.png,1,0.9998
cell_r12_c1_blob_2_word_2_char_02_2.png,1,0.6578
cell_r12_c1_blob_2_word_2_char_02_3.png,1,0.9986
cell_r12_c1_blob_2_word_2_char_03_1.png,1,0.9984
cell_r12_c1_blob_2_word_2_char_03_2.png,1,0.5435
cell_r12_c1_blob_2_word_2_char_03_3.png,6,0.9977
cell_r12_c1_blob_2_word_2_char_04_1.png,6,0.948
cell_r12_c1_blob_2_word_2_char_04_2.png,6,0.9946
cell_r12_c1_blob_2_word_2_char_04_3.png,9,0.4093
cell_r12_c1_blob_2_word_2_char_05_1.png,1,0.9945
cell_r12_c1_blob_2_word_2_char_05_2.png,6,0.8429
cell_r12_c1_blob_2_word_2_char_06.png,3,0.9998
cell_r12_c1_blob_2_word_3_char_00.png,1,0.6611
cell_r12_c1_blob_2_word_3_char_01_1.png,2,0.9747
cell_r12_c1_blob_2_word_3_char_01_2.png,0,0.9993
cell_r12_c1_blob_2_word_3_char_02.png,2,0.9953
cell_r12_c1_blob_2_word_3_char_03.png,7,0.8503
cell_r12_c1_blob_2_word_3_char_04.png,7,0.9152
cell_r12_c1_blob_2_word_4_char_00.png,7,0.9977
cell_r12_c1_blob_2_word_4_char_01.png,7,0.9979
cell_r12_c1_blob_2_word_5_char_00.png,7,0.9987
cell_r12_c1_blob_2_word_6_char_00.png,7,0.9984
cell_r12_c3_blob_1_word_1_char_00.png,1,0.5982
cell_r13_c0_blob_1_word_1_char_00.png,4,0.9079
cell_r13_c10_blob_1_word_1_char_00.png,6,0.9993
cell_r13_c10_blob_1_word_1_char_01.png,1,1.0
cell_r13_c10_blob_1_word_2_char_00.png,8,0.4261
cell_r13_c10_blob_1_word_2_char_01.png,7,0.9987
cell_r13_c10_blob_1_word_2_char_02.png,5,0.8808
cell_r13_c10_blob_1_word_2_char_03.png,3,0.9997
cell_r13_c11_blob_1_word_1_char_00.png,7,0.9987
cell_r13_c11_blob_1_word_1_char_01.png,7,0.9987
cell_r13_c11_blob_1_word_1_char_02.png,7,0.9987
cell_r13_c11_blob_1_word_1_char_03.png,7,0.9986
cell_r13_c11_blob_1_word_2_char_00.png,3,0.9883
cell_r13_c11_blob_1_word_2_char_01.png,0,0.9835
cell_r13_c11_blob_1_word_2_char_02.png,5,0.9582
cell_r13_c11_blob_1_word_3_char_00.png,3,0.9996
cell_r13_c11_blob_1_word_3_char_01.png,2,0.6773
cell_r13_c11_blob_1_word_3_char_02.png,1,0.9999
cell_r13_c11_blob_1_word_4_char_00.png,7,0.7942
cell_r13_c11_blob_1_word_4_char_01.png,2,0.9842
cell_r13_c11_blob_1_word_4_char_02.png,5,0.7397
cell_r13_c13_blob_1_word_1_char_00.png,7,0.9597
cell_r13_c13_blob_1_word_1_char_01.png,2,0.5918
cell_r13_c15_blob_1_word_1_char_00.png,0,0.4927
cell_r13_c15_blob_1_word_1_char_01.png,6,0.9999
cell_r13_c15_blob_1_word_2_char_00.png,7,0.7366
cell_r13_c15_blob_1_word_2_char_01.png,4,0.9966
cell_r13_c15_blob_1_word_2_char_02.png,7,0.8867
cell_r13_c15_blob_1_word_2_char_03.png,5,0.9998
cell_r13_c15_blob_1_word_2_char_04.png,3,0.6935
cell_r13_c15_blob_1_word_2_char_05.png,7,0.6318
cell_r13_c16_blob_1_word_1_char_00.png,6,0.4663
cell_r13_c17_blob_1_word_1_char_00.png,7,0.7077
cell_r13_c17_blob_1_word_1_char_01.png,6,0.9644
cell_r13_c17_blob_1_word_1_char_02.png,1,0.625
cell_r13_c17_blob_1_word_2_char_00.png,6,0.8995
cell_r13_c17_blob_1_word_2_char_01.png,6,0.998
cell_r13_c17_blob_1_word_2_char_02.png,1,0.7917
cell_r13_c17_blob_1_word_3_char_00.png,7,0.9794
cell_r13_c17_blob_1_word_3_char_01.png,1,0.8725
cell_r13_c17_blob_1_word_3_char_02.png,0,0.4954
cell_r13_c17_blob_1_word_4_char_00_1.png,7,0.9984
cell_r13_c17_blob_1_word_4_char_00_2.png,7,0.9985
cell_r13_c17_blob_1_word_4_char_00_3.png,7,0.9986
cell_r13_c18_blob_1_word_1_char_00.png,5,0.9975
cell_r13_c18_blob_1_word_1_char_01.png,7,0.9875
cell_r13_c18_blob_1_word_1_char_02.png,7,0.9997
cell_r13_c18_blob_1_word_1_char_03.png,3,0.9936
cell_r13_c18_blob_1_word_1_char_04.png,6,0.9902
cell_r13_c18_blob_1_word_1_char_05.png,1,0.963
cell_r13_c18_blob_1_word_1_char_06.png,3,0.762
cell_r13_c18_blob_1_word_1_char_07.png,6,0.6955
cell_r13_c18_blob_1_word_1_char_08.png,3,0.6178
cell_r13_c1_blob_1_word_1_char_00.png,7,0.9463
cell_r13_c1_blob_1_word_2_char_00.png,6,0.996
cell_r13_c1_blob_1_word_2_char_01.png,5,0.9646
cell_r13_c1_blob_1_word_2_char_02.png,1,0.4365
cell_r13_c1_blob_1_word_2_char_03.png,1,0.8774
cell_r13_c1_blob_1_word_2_char_04.png,6,0.9871
cell_r13_c1_blob_1_word_2_char_05.png,1,0.6466
cell_r13_c1_blob_1_word_3_char_00.png,7,0.8294
cell_r13_c1_blob_1_word_3_char_01_1.png,7,0.8795
cell_r13_c1_blob_1_word_3_char_01_2.png,6,0.5683
cell_r13_c1_blob_1_word_3_char_02.png,5,0.8863
cell_r13_c1_blob_1_word_3_char_03.png,6,0.9274
cell_r13_c1_blob_1_word_4_char_00.png,6,0.9867
cell_r13_c1_blob_1_word_4_char_01.png,2,0.9484
cell_r13_c1_blob_1_word_4_char_02.png,5,0.7444
cell_r13_c1_blob_1_word_4_char_03.png,7,0.9666
cell_r13_c1_blob_1_word_4_char_04.png,5,0.9923
cell_r13_c1_blob_1_word_4_char_05.png,7,0.9989
cell_r13_c1_blob_1_word_4_char_06_1.png,6,0.9957
cell_r13_c1_blob_1_word_4_char_06_2.png,6,0.9887
cell_r13_c1_blob_1_word_4_char_07.png,1,0.9562
cell_r13_c1_blob_1_word_4_char_08.png,1,0.4771
cell_r13_c1_blob_1_word_4_char_09_1.png,1,0.7484
cell_r13_c1_blob_1_word_4_char_09_2.png,6,0.6929
cell_r13_c1_blob_1_word_4_char_10.png,1,0.9929
cell_r13_c1_blob_1_word_4_char_11_1.png,1,0.963
cell_r13_c1_blob_1_word_4_char_11_2.png,6,0.7485
cell_r13_c1_blob_1_word_5_char_00.png,7,0.8847
cell_r13_c1_blob_1_word_5_char_01.png,1,0.9984
cell_r13_c1_blob_1_word_6_char_00.png,1,0.9971
cell_r13_c1_blob_1_word_6_char_01_1.png,6,0.8892
cell_r13_c1_blob_1_word_6_char_01_2.png,3,0.9996
cell_r13_c1_blob_1_word_6_char_02_1.png,4,0.8716
cell_r13_c1_blob_1_word_6_char_02_2.png,0,0.807
cell_r13_c1_blob_1_word_6_char_03.png,0,0.9906
cell_r13_c1_blob_1_word_6_char_04.png,5,0.8985
cell_r13_c1_blob_1_word_6_char_05.png,1,0.953
cell_r13_c5_blob_1_word_1_char_00.png,1,0.9999
cell_r13_c7_blob_1_word_1_char_00.png,7,0.9436
cell_r13_c7_blob_1_word_1_char_01.png,1,0.9992
cell_r13_c7_blob_1_word_1_char_02.png,6,0.9866
cell_r13_c7_blob_1_word_2_char_00.png,3,0.9925
cell_r13_c7_blob_1_word_2_char_01.png,8,0.6112
cell_r13_c7_blob_1_word_2_char_02.png,9,0.8219
cell_r13_c7_blob_1_word_2_char_03.png,1,0.9689
cell_r13_c7_blob_1_word_2_char_04.png,2,0.8794
cell_r13_c7_blob_1_word_2_char_05.png,2,0.9905
cell_r13_c8_blob_1_word_1_char_00.png,0,0.9915
cell_r13_c8_blob_1_word_1_char_01_1.png,7,0.9635
cell_r13_c8_blob_1_word_1_char_01_2.png,7,0.5689
cell_r13_c8_blob_1_word_1_char_02.png,7,0.7089
cell_r13_c8_blob_1_word_1_char_03.png,6,0.974
cell_r14_c0_blob_1_word_1_char_00.png,4,0.996
cell_r14_c0_blob_1_word_1_char_01.png,7,0.8211
cell_r14_c10_blob_1_word_1_char_00.png,6,0.9995
cell_r14_c10_blob_1_word_1_char_01.png,1,0.9999
cell_r14_c10_blob_1_word_2_char_00.png,8,0.9581
cell_r14_c10_blob_1_word_2_char_01.png,7,0.9992
cell_r14_c10_blob_1_word_2_char_02.png,5,0.9905
cell_r14_c10_blob_1_word_2_char_03.png,3,0.9967
cell_r14_c10_blob_1_word_3_char_00.png,1,0.9999
cell_r14_c11_blob_1_word_1_char_00_1.png,7,0.9999
cell_r14_c11_blob_1_word_1_char_00_2.png,7,0.9999
cell_r14_c11_blob_1_word_1_char_00_3.png,7,1.0
cell_r14_c11_blob_1_word_1_char_01_1.png,7,0.9987
cell_r14_c11_blob_1_word_1_char_01_2.png,7,0.9987
cell_r14_c11_blob_1_word_1_char_01_3.png,7,0.9998
cell_r14_c11_blob_1_word_1_char_02.png,7,0.9962
cell_r14_c11_blob_1_word_1_char_03.png,6,0.9986
cell_r14_c11_blob_1_word_1_char_04.png,1,0.9992
cell_r14_c11_blob_1_word_2_char_00.png,8,0.9808
cell_r14_c11_blob_1_word_2_char_01.png,7,0.9981
cell_r14_c11_blob_1_word_2_char_02.png,0,0.9832
cell_r14_c11_blob_1_word_2_char_03.png,1,0.7325
cell_r14_c11_blob_1_word_3_char_00.png,3,0.8724
cell_r14_c12_blob_1_word_1_char_00.png,5,0.8141
cell_r14_c12_blob_1_word_1_char_01.png,6,0.6592
cell_r14_c12_blob_1_word_1_char_02.png,1,0.9884
cell_r14_c12_blob_1_word_1_char_03.png,6,0.8828
cell_r14_c12_blob_1_word_1_char_04.png,6,0.6563
cell_r14_c12_blob_1_word_1_char_05.png,7,0.9703
cell_r14_c13_blob_1_word_1_char_00.png,4,0.999
cell_r14_c15_blob_1_word_1_char_00_1.png,2,0.8121
cell_r14_c15_blob_1_word_1_char_00_2.png,0,0.722
cell_r14_c15_blob_1_word_1_char_01.png,2,0.9998
cell_r14_c15_blob_1_word_2_char_00.png,3,0.9302
cell_r14_c15_blob_1_word_2_char_01.png,5,0.7875
cell_r14_c15_blob_1_word_2_char_02.png,2,0.7834
cell_r14_c15_blob_1_word_2_char_03.png,1,1.0
cell_r14_c15_blob_1_word_3_char_00.png,2,1.0
cell_r14_c16_blob_1_word_1_char_00.png,5,0.9927
cell_r14_c17_blob_1_word_1_char_00.png,1,0.7014
cell_r14_c17_blob_1_word_1_char_01.png,2,0.9578
cell_r14_c17_blob_1_word_1_char_02.png,4,0.9464
cell_r14_c17_blob_1_word_2_char_00.png,2,0.7767
cell_r14_c17_blob_1_word_2_char_01.png,1,0.9133
cell_r14_c17_blob_1_word_2_char_02.png,6,0.9647
cell_r14_c17_blob_1_word_2_char_03.png,5,0.9684
cell_r14_c17_blob_1_word_2_char_04.png,8,0.5788
cell_r14_c17_blob_1_word_2_char_05.png,3,0.8328
cell_r14_c18_blob_1_word_1_char_00.png,5,0.9819
cell_r14_c18_blob_1_word_1_char_01.png,6,0.8744
cell_r14_c18_blob_1_word_1_char_02.png,5,0.3749
cell_r14_c18_blob_1_word_2_char_00.png,0,0.9983
cell_r14_c18_blob_1_word_2_char_01.png,4,0.9349
cell_r14_c18_blob_1_word_2_char_02.png,0,0.9889
cell_r14_c18_blob_1_word_2_char_03.png,1,0.9954
cell_r14_c18_blob_1_word_2_char_04.png,5,0.8662
cell_r14_c18_blob_1_word_2_char_05.png,2,1.0
cell_r14_c1_blob_1_word_1_char_00.png,1,0.9855
cell_r14_c1_blob_1_word_1_char_01.png,1,0.8893
cell_r14_c1_blob_1_word_1_char_02_1.png,6,0.934
cell_r14_c1_blob_1_word_1_char_02_2.png,7,0.5291
cell_r14_c1_blob_1_word_1_char_03_1.png,6,0.5665
cell_r14_c1_blob_1_word_1_char_03_2.png,6,0.9988
cell_r14_c1_blob_1_word_1_char_04.png,1,0.5306
cell_r14_c1_blob_1_word_2_char_00.png,6,0.9174
cell_r14_c1_blob_1_word_2_char_01.png,7,0.9768
cell_r14_c1_blob_1_word_2_char_02.png,3,0.485
cell_r14_c1_blob_1_word_2_char_03.png,5,0.5643
cell_r14_c1_blob_1_word_2_char_04.png,7,0.9277
cell_r14_c1_blob_1_word_2_char_05.png,6,0.4756
cell_r14_c1_blob_1_word_3_char_00_1.png,6,0.8809
cell_r14_c1_blob_1_word_3_char_00_2.png,6,0.9693
cell_r14_c1_blob_1_word_3_char_01.png,6,0.8985
cell_r14_c1_blob_1_word_3_char_02_1.png,6,0.8005
cell_r14_c1_blob_1_word_3_char_02_2.png,5,0.6869
cell_r14_c1_blob_1_word_3_char_03.png,6,0.9799
cell_r14_c1_blob_1_word_3_char_04.png,6,0.9536
cell_r14_c1_blob_1_word_3_char_05.png,0,0.3695
cell_r14_c1_blob_1_word_4_char_00.png,6,0.8591
cell_r14_c1_blob_1_word_4_char_01.png,7,0.9142
cell_r14_c1_blob_1_word_4_char_02.png,7,0.8675
cell_r14_c1_blob_1_word_4_char_03.png,1,0.8606
cell_r14_c1_blob_1_word_4_char_04_1.png,1,0.3372
cell_r14_c1_blob_1_word_4_char_04_2.png,6,0.7063
cell_r14_c1_blob_1_word_5_char_00.png,7,1.0
cell_r14_c1_blob_1_word_6_char_00.png,1,0.9599
cell_r14_c1_blob_1_word_6_char_01_1.png,1,0.4736
cell_r14_c1_blob_1_word_6_char_01_2.png,1,0.7907
cell_r14_c1_blob_1_word_6_char_02.png,4,0.9997
cell_r14_c1_blob_1_word_6_char_03_1.png,7,0.9798
cell_r14_c1_blob_1_word_6_char_03_2.png,1,0.5455
cell_r14_c1_blob_1_word_6_char_04_1.png,6,0.7985
cell_r14_c1_blob_1_word_6_char_04_2.png,1,0.9921
cell_r14_c1_blob_1_word_6_char_05.png,9,0.8944
cell_r14_c4_blob_1_word_1_char_00.png,6,0.9727
cell_r14_c4_blob_1_word_1_char_01.png,8,0.5477
cell_r14_c4_blob_1_word_1_char_02.png,7,0.8286
cell_r14_c4_blob_1_word_1_char_03.png,6,0.9524
cell_r14_c4_blob_1_word_1_char_04_1.png,7,0.3745
cell_r14_c4_blob_1_word_1_char_04_2.png,5,0.9878
cell_r14_c6_blob_1_word_1_char_00.png,5,0.8755
cell_r14_c6_blob_1_word_1_char_01.png,6,0.9897
cell_r14_c6_blob_1_word_2_char_00.png,1,0.4583
cell_r14_c6_blob_1_word_2_char_01.png,6,0.9999
cell_r14_c6_blob_1_word_2_char_02.png,8,0.997
cell_r14_c6_blob_1_word_2_char_03.png,2,0.9375
cell_r14_c6_blob_1_word_2_char_04.png,2,0.9995
cell_r14_c7_blob_1_word_1_char_00.png,0,0.9999
cell_r14_c7_blob_1_word_1_char_01.png,7,0.6519
cell_r14_c7_blob_1_word_2_char_00.png,7,0.9971
cell_r14_c7_blob_1_word_2_char_01.png,2,0.9584
cell_r14_c7_blob_1_word_2_char_02.png,1,0.9481
cell_r14_c7_blob_1_word_2_char_03.png,1,0.9867
cell_r14_c9_blob_1_word_1_char_00.png,1,0.9967
cell_r15_c0_blob_1_word_1_char_00.png,4,0.9996
cell_r15_c0_blob_1_word_1_char_01.png,3,0.996
cell_r15_c10_blob_1_word_1_char_00.png,6,0.4661
cell_r15_c10_blob_1_word_1_char_01.png,5,0.8555
cell_r15_c10_blob_1_word_1_char_02.png,4,0.9808
cell_r15_c10_blob_1_word_2_char_00_1.png,2,0.6876
cell_r15_c10_blob_1_word_2_char_00_2.png,0,0.9844
cell_r15_c10_blob_1_word_2_char_01.png,6,0.5946
cell_r15_c10_blob_1_word_3_char_00.png,4,1.0
cell_r15_c10_blob_1_word_4_char_00.png,5,0.9937
cell_r15_c11_blob_1_word_1_char_00.png,7,0.9996
cell_r15_c11_blob_1_word_2_char_00.png,4,0.6076
cell_r15_c11_blob_1_word_2_char_01.png,2,0.9822
cell_r15_c11_blob_1_word_2_char_02.png,4,0.9999
cell_r15_c11_blob_1_word_3_char_00.png,6,0.5129
cell_r15_c11_blob_1_word_3_char_01.png,2,1.0
cell_r15_c11_blob_1_word_3_char_02.png,2,0.9978
cell_r15_c11_blob_1_word_3_char_03.png,5,0.5727
cell_r15_c12_blob_1_word_1_char_00.png,6,0.9739
cell_r15_c12_blob_1_word_1_char_01.png,0,0.5482
cell_r15_c12_blob_1_word_1_char_02.png,6,0.9964
cell_r15_c12_blob_1_word_1_char_03.png,8,0.7847
cell_r15_c14_blob_1_word_1_char_00.png,5,0.9996
cell_r15_c14_blob_1_word_1_char_01.png,7,0.9966
cell_r15_c14_blob_1_word_1_char_02.png,3,0.9054
cell_r15_c14_blob_1_word_2_char_00.png,5,0.9148
cell_r15_c14_blob_1_word_2_char_01.png,6,0.6865
cell_r15_c14_blob_1_word_2_char_02.png,8,0.9248
cell_r15_c14_blob_1_word_2_char_03.png,1,0.7821
cell_r15_c14_blob_1_word_3_char_00.png,7,0.9944
cell_r15_c14_blob_1_word_3_char_01.png,2,0.9999
cell_r15_c16_blob_1_word_1_char_00.png,5,0.556
cell_r15_c17_blob_1_word_1_char_00.png,2,0.9545
cell_r15_c17_blob_1_word_2_char_00.png,6,0.765
cell_r15_c17_blob_1_word_2_char_01.png,2,0.993
cell_r15_c17_blob_1_word_2_char_02.png,4,0.9941
cell_r15_c17_blob_1_word_3_char_00.png,5,0.8985
cell_r15_c17_blob_1_word_3_char_01.png,2,0.9994
cell_r15_c17_blob_1_word_3_char_02.png,2,0.7487
cell_r15_c17_blob_1_word_3_char_03.png,7,0.9965
cell_r15_c17_blob_1_word_3_char_04.png,2,0.9214
cell_r15_c17_blob_1_word_3_char_05.png,5,0.7887
cell_r15_c18_blob_1_word_1_char_00.png,0,0.8927
cell_r15_c18_blob_1_word_2_char_00_1.png,6,0.8912
cell_r15_c18_blob_1_word_2_char_00_2.png,6,0.9839
cell_r15_c18_blob_1_word_2_char_01.png,1,0.7247
cell_r15_c18_blob_1_word_2_char_02.png,6,0.5991
cell_r15_c18_blob_1_word_3_char_00.png,4,0.9904
cell_r15_c18_blob_1_word_3_char_01.png,2,0.9953
cell_r15_c18_blob_1_word_3_char_02.png,6,0.8856
cell_r15_c18_blob_1_word_3_char_03.png,7,0.6587
cell_r15_c18_blob_1_word_3_char_04.png,1,0.7573
cell_r15_c18_blob_1_word_3_char_05.png,0,0.9951
cell_r15_c1_blob_1_word_1_char_00.png,6,0.9999
cell_r15_c1_blob_1_word_1_char_01_1.png,7,0.4699
cell_r15_c1_blob_1_word_1_char_01_2.png,6,0.9124
cell_r15_c1_blob_1_word_1_char_02.png,7,0.7404
cell_r15_c1_blob_1_word_1_char_03_1.png,7,0.9781
cell_r15_c1_blob_1_word_1_char_03_2.png,1,0.9395
cell_r15_c1_blob_1_word_1_char_04_1.png,7,0.6986
cell_r15_c1_blob_1_word_1_char_04_2.png,0,0.9825
cell_r15_c1_blob_1_word_1_char_05.png,7,0.9942
cell_r15_c1_blob_1_word_1_char_06_1.png,1,0.9075
cell_r15_c1_blob_1_word_1_char_06_2.png,7,0.5932
cell_r15_c1_blob_1_word_1_char_07.png,7,0.8251
cell_r15_c1_blob_1_word_1_char_08_1.png,4,0.6702
cell_r15_c1_blob_1_word_1_char_08_2.png,5,0.9352
cell_r15_c1_blob_1_word_1_char_09.png,6,0.8006
cell_r15_c1_blob_1_word_2_char_00.png,7,0.687
cell_r15_c1_blob_1_word_2_char_01_1.png,1,0.4726
cell_r15_c1_blob_1_word_2_char_01_2.png,5,0.9858
cell_r15_c1_blob_1_word_2_char_02.png,1,0.9999
cell_r15_c1_blob_1_word_2_char_03_1.png,1,0.5439
cell_r15_c1_blob_1_word_2_char_03_2.png,6,0.8954
cell_r15_c1_blob_1_word_2_char_04.png,7,0.6093
cell_r15_c1_blob_1_word_2_char_05_1.png,7,0.5035
cell_r15_c1_blob_1_word_2_char_05_2.png,7,0.8884
cell_r15_c1_blob_1_word_3_char_00.png,1,0.8817
cell_r15_c1_blob_1_word_3_char_01_1.png,4,0.6755
cell_r15_c1_blob_1_word_3_char_01_2.png,0,0.9957
cell_r15_c1_blob_1_word_3_char_01_3.png,6,0.9974
cell_r15_c1_blob_1_word_4_char_00.png,7,0.6887
cell_r15_c6_blob_1_word_1_char_00.png,4,0.998
cell_r15_c6_blob_1_word_2_char_00.png,0,0.8997
cell_r15_c6_blob_1_word_2_char_01.png,5,0.7692
cell_r15_c6_blob_1_word_3_char_00.png,6,0.9989
cell_r15_c6_blob_1_word_3_char_01.png,5,0.9977
cell_r15_c6_blob_1_word_3_char_02.png,2,0.6894
cell_r15_c6_blob_1_word_3_char_03.png,2,1.0
cell_r15_c6_blob_1_word_3_char_04.png,5,0.9606
cell_r15_c7_blob_1_word_1_char_00.png,0,0.9999
cell_r15_c7_blob_1_word_1_char_01.png,7,0.7245
cell_r15_c7_blob_1_word_2_char_00.png,7,0.9944
cell_r15_c7_blob_1_word_2_char_01.png,7,0.3907
cell_r15_c7_blob_1_word_2_char_02.png,0,0.9993
cell_r15_c9_blob_1_word_1_char_00.png,5,0.5752
cell_r16_c0_blob_1_word_1_char_00.png,6,0.9589
cell_r16_c10_blob_1_word_1_char_00.png,3,0.9943
cell_r16_c10_blob_1_word_2_char_00.png,6,0.984
cell_r16_c10_blob_1_word_2_char_01.png,2,0.9959
cell_r16_c10_blob_1_word_3_char_00.png,6,0.9977
cell_r16_c10_blob_1_word_3_char_01.png,2,0.8521
cell_r16_c10_blob_1_word_3_char_02.png,3,0.8146
cell_r16_c10_blob_1_word_3_char_03.png,2,0.9922
cell_r16_c13_blob_1_word_1_char_00.png,2,0.9986
cell_r16_c15_blob_1_word_1_char_00_1.png,7,0.9988
cell_r16_c15_blob_1_word_1_char_00_2.png,7,0.9933
cell_r16_c15_blob_1_word_1_char_00_3.png,7,0.8237
cell_r16_c15_blob_1_word_2_char_00.png,2,1.0
cell_r16_c15_blob_1_word_2_char_01.png,7,0.9999
cell_r16_c15_blob_1_word_2_char_02.png,5,0.9321
cell_r16_c15_blob_1_word_3_char_00_1.png,0,0.9866
cell_r16_c15_blob_1_word_3_char_00_2.png,4,1.0
cell_r16_c15_blob_1_word_3_char_01.png,1,0.9999
cell_r16_c15_blob_1_word_4_char_00.png,2,0.6155
cell_r16_c15_blob_1_word_4_char_01.png,0,0.9956
cell_r16_c16_blob_1_word_1_char_00.png,4,0.9995
cell_r16_c18_blob_1_word_1_char_00.png,1,0.9643
cell_r16_c18_blob_1_word_1_char_01.png,0,0.7544
cell_r16_c18_blob_1_word_2_char_00_1.png,3,0.8811
cell_r16_c18_blob_1_word_2_char_00_2.png,6,0.9903
cell_r16_c18_blob_1_word_2_char_01.png,5,0.9993
cell_r16_c18_blob_1_word_3_char_00_1.png,0,0.6733
cell_r16_c18_blob_1_word_3_char_00_2.png,4,0.9999
cell_r16_c18_blob_1_word_3_char_01.png,5,0.9926
cell_r16_c18_blob_1_word_4_char_00.png,1,0.9167
cell_r16_c18_blob_1_word_4_char_01.png,6,0.5503
cell_r16_c1_blob_1_word_1_char_00.png,6,0.9988
cell_r16_c1_blob_1_word_1_char_01.png,5,0.8914
cell_r16_c1_blob_1_word_1_char_02_1.png,6,0.5347
cell_r16_c1_blob_1_word_1_char_02_2.png,6,0.7476
cell_r16_c1_blob_1_word_1_char_03.png,9,0.6541
cell_r16_c1_blob_1_word_2_char_00.png,1,0.9847
cell_r16_c1_blob_1_word_2_char_01.png,7,0.4634
cell_r16_c1_blob_1_word_2_char_02.png,7,0.9953
cell_r16_c1_blob_1_word_2_char_03.png,0,0.8317
cell_r16_c1_blob_1_word_2_char_04.png,6,0.9967
cell_r16_c1_blob_1_word_2_char_05_1.png,4,0.7554
cell_r16_c1_blob_1_word_2_char_05_2.png,6,0.9597
cell_r16_c1_blob_1_word_2_char_06_1.png,6,0.9905
cell_r16_c1_blob_1_word_2_char_06_2.png,0,0.864
cell_r16_c1_blob_1_word_2_char_06_3.png,6,0.8331
cell_r16_c1_blob_1_word_2_char_07_1.png,1,0.4235
cell_r16_c1_blob_1_word_2_char_07_2.png,7,0.9948
cell_r16_c1_blob_1_word_2_char_08.png,7,0.8367
cell_r16_c1_blob_1_word_2_char_09_1.png,6,0.8871
cell_r16_c1_blob_1_word_2_char_09_2.png,6,0.8268
cell_r16_c1_blob_1_word_2_char_09_3.png,6,0.8986
cell_r16_c1_blob_1_word_2_char_10_1.png,6,0.7714
cell_r16_c1_blob_1_word_2_char_10_2.png,9,0.741
cell_r16_c1_blob_1_word_2_char_10_3.png,0,0.8887
cell_r16_c1_blob_1_word_2_char_11.png,1,0.9413
cell_r16_c1_blob_1_word_2_char_12_1.png,1,0.9188
cell_r16_c1_blob_1_word_2_char_12_2.png,1,0.9686
cell_r16_c1_blob_1_word_2_char_13.png,7,0.9987
cell_r16_c1_blob_1_word_2_char_14_1.png,1,0.9997
cell_r16_c1_blob_1_word_2_char_14_2.png,7,0.9844
cell_r16_c1_blob_1_word_2_char_15_1.png,1,0.9797
cell_r16_c1_blob_1_word_2_char_15_2.png,1,0.5952
cell_r16_c1_blob_1_word_2_char_16_1.png,1,0.9794
cell_r16_c1_blob_1_word_2_char_16_2.png,1,0.9687
cell_r16_c1_blob_1_word_2_char_16_3.png,7,0.6938
cell_r16_c1_blob_1_word_2_char_17.png,6,0.5994
cell_r16_c1_blob_1_word_3_char_00.png,1,0.9535
cell_r16_c1_blob_1_word_3_char_01.png,1,0.9998
cell_r16_c1_blob_1_word_3_char_02_1.png,3,0.4719
cell_r16_c1_blob_1_word_3_char_02_2.png,6,0.9652
cell_r16_c1_blob_1_word_3_char_03.png,5,0.3851
cell_r16_c1_blob_1_word_3_char_04.png,7,0.9415
cell_r16_c1_blob_1_word_3_char_05.png,7,0.9275
cell_r16_c1_blob_1_word_3_char_06.png,6,0.9138
cell_r16_c1_blob_1_word_3_char_07.png,1,0.9926
cell_r16_c1_blob_1_word_4_char_00.png,1,0.9955
cell_r16_c1_blob_1_word_4_char_01.png,7,0.9784
cell_r16_c1_blob_1_word_4_char_02_1.png,1,0.6655
cell_r16_c1_blob_1_word_4_char_02_2.png,1,0.526
cell_r16_c1_blob_1_word_4_char_03.png,7,0.9977
cell_r16_c1_blob_1_word_4_char_04.png,7,0.7128
cell_r16_c1_blob_1_word_5_char_00.png,1,0.8434
cell_r16_c1_blob_1_word_5_char_01.png,7,0.9985
cell_r16_c1_blob_1_word_5_char_02.png,7,0.8812
cell_r16_c1_blob_1_word_6_char_00.png,7,0.9684
cell_r16_c1_blob_1_word_6_char_01.png,1,0.8625
cell_r16_c1_blob_1_word_7_char_00_1.png,6,0.9943
cell_r16_c1_blob_1_word_7_char_00_2.png,6,0.989
cell_r16_c1_blob_1_word_7_char_00_3.png,0,0.9872
cell_r16_c1_blob_1_word_7_char_01.png,1,0.9998
cell_r16_c1_blob_1_word_8_char_00_1.png,6,0.4825
cell_r16_c1_blob_1_word_8_char_00_2.png,0,0.9634
cell_r16_c1_blob_1_word_8_char_01_1.png,1,0.988
cell_r16_c1_blob_1_word_8_char_01_2.png,7,0.7869
cell_r16_c1_blob_1_word_8_char_01_3.png,1,0.6751
cell_r16_c1_blob_1_word_8_char_02_1.png,7,0.2906
cell_r16_c1_blob_1_word_8_char_02_2.png,1,0.4361
cell_r16_c4_blob_1_word_1_char_00_1.png,2,0.5016
cell_r16_c4_blob_1_word_1_char_00_2.png,6,0.9903
cell_r16_c4_blob_1_word_1_char_01.png,6,0.9798
cell_r16_c4_blob_1_word_1_char_02.png,5,0.8664
cell_r16_c7_blob_1_word_1_char_00.png,0,0.9988
cell_r16_c7_blob_1_word_1_char_01.png,7,0.9991
cell_r16_c7_blob_1_word_1_char_02.png,5,0.9335
cell_r16_c7_blob_1_word_1_char_03.png,0,0.9721
cell_r16_c9_blob_1_word_1_char_00.png,7,0.9469
cell_r17_c0_blob_1_word_1_char_00.png,6,0.9997
cell_r17_c10_blob_1_word_1_char_00.png,2,0.7944
cell_r17_c10_blob_1_word_2_char_00.png,6,0.6519
cell_r17_c10_blob_1_word_2_char_01.png,8,0.5431
cell_r17_c10_blob_1_word_2_char_02.png,3,0.8104
cell_r17_c10_blob_1_word_3_char_00_1.png,5,0.9996
cell_r17_c10_blob_1_word_3_char_00_2.png,4,0.8863
cell_r17_c10_blob_1_word_3_char_01.png,2,0.3107
cell_r17_c10_blob_1_word_4_char_00.png,7,1.0
cell_r17_c11_blob_1_word_1_char_00.png,5,0.9983
cell_r17_c11_blob_1_word_2_char_00.png,1,0.9981
cell_r17_c11_blob_1_word_2_char_01.png,7,0.7298
cell_r17_c11_blob_1_word_2_char_02.png,7,0.8613
cell_r17_c11_blob_1_word_3_char_00.png,6,0.9986
cell_r17_c11_blob_1_word_3_char_01.png,4,0.4241
cell_r17_c11_blob_1_word_4_char_00.png,7,0.9726
cell_r17_c11_blob_1_word_4_char_01.png,3,0.6967
cell_r17_c11_blob_1_word_4_char_02.png,2,0.6675
cell_r17_c14_blob_1_word_1_char_00.png,2,0.991
cell_r17_c14_blob_1_word_2_char_00.png,2,0.582
cell_r17_c14_blob_1_word_2_char_01.png,5,0.9925
cell_r17_c14_blob_1_word_2_char_02.png,4,0.8463
cell_r17_c14_blob_1_word_3_char_00.png,9,0.5166
cell_r17_c14_blob_1_word_3_char_01.png,7,0.8561
cell_r17_c14_blob_1_word_3_char_02.png,2,0.977
cell_r17_c14_blob_1_word_3_char_03.png,7,0.913
cell_r17_c14_blob_1_word_3_char_04.png,1,0.993
cell_r17_c14_blob_1_word_4_char_00.png,0,0.9999
cell_r17_c15_blob_1_word_1_char_00.png,2,1.0
cell_r17_c15_blob_1_word_2_char_00.png,1,0.5851
cell_r17_c15_blob_1_word_2_char_01.png,5,0.9996
cell_r17_c15_blob_1_word_2_char_02.png,4,0.4248
cell_r17_c15_blob_1_word_3_char_00.png,6,0.5555
cell_r17_c15_blob_1_word_3_char_01.png,5,0.7464
cell_r17_c15_blob_1_word_3_char_02.png,7,0.9807
cell_r17_c15_blob_1_word_4_char_00.png,7,0.9679
cell_r17_c15_blob_1_word_4_char_01.png,1,0.8476
cell_r17_c15_blob_1_word_5_char_00.png,0,0.5787
cell_r17_c16_blob_1_word_1_char_00.png,3,1.0
cell_r17_c17_blob_1_word_1_char_00.png,7,0.5736
cell_r17_c17_blob_1_word_2_char_00.png,0,0.9991
cell_r17_c17_blob_1_word_2_char_01.png,7,0.6878
cell_r17_c17_blob_1_word_2_char_02.png,7,0.9873
cell_r17_c17_blob_1_word_2_char_03.png,1,0.7114
cell_r17_c17_blob_1_word_3_char_00.png,6,0.5545
cell_r17_c17_blob_1_word_3_char_01.png,0,0.8091
cell_r17_c17_blob_1_word_4_char_00.png,7,0.9772
cell_r17_c17_blob_1_word_4_char_01.png,4,0.9453
cell_r17_c17_blob_1_word_4_char_02.png,4,0.95
cell_r17_c18_blob_1_word_1_char_00.png,5,0.5454
cell_r17_c18_blob_1_word_2_char_00.png,5,0.86
cell_r17_c18_blob_1_word_2_char_01.png,4,0.5232
cell_r17_c18_blob_1_word_2_char_02.png,1,0.9996
cell_r17_c18_blob_1_word_3_char_00.png,9,0.9208
cell_r17_c18_blob_1_word_3_char_01.png,3,0.7541
cell_r17_c18_blob_1_word_3_char_02.png,3,0.9814
cell_r17_c18_blob_1_word_4_char_00.png,7,0.8692
cell_r17_c18_blob_1_word_4_char_01.png,7,0.896
cell_r17_c18_blob_1_word_4_char_02.png,2,0.9202
cell_r17_c1_blob_1_word_1_char_00.png,6,0.9153
cell_r17_c1_blob_1_word_1_char_01.png,6,0.737
cell_r17_c1_blob_1_word_1_char_02.png,9,0.735
cell_r17_c1_blob_1_word_1_char_03.png,6,0.6126
cell_r17_c1_blob_1_word_2_char_00.png,1,0.9914
cell_r17_c1_blob_1_word_2_char_01_1.png,6,0.9891
cell_r17_c1_blob_1_word_2_char_01_2.png,7,0.6422
cell_r17_c1_blob_1_word_3_char_00.png,1,0.9997
cell_r17_c1_blob_1_word_3_char_01.png,1,0.5442
cell_r17_c1_blob_1_word_3_char_02_1.png,7,0.6229
cell_r17_c1_blob_1_word_3_char_02_2.png,1,0.9913
cell_r17_c1_blob_1_word_3_char_03_1.png,6,0.9496
cell_r17_c1_blob_1_word_3_char_03_2.png,7,0.9266
cell_r17_c1_blob_1_word_4_char_00_1.png,6,0.9855
cell_r17_c1_blob_1_word_4_char_00_2.png,6,0.9635
cell_r17_c1_blob_1_word_4_char_00_3.png,4,0.9887
cell_r17_c1_blob_1_word_4_char_01.png,8,0.6139
cell_r17_c1_blob_1_word_4_char_02.png,1,0.6052
cell_r17_c1_blob_1_word_4_char_03_1.png,1,0.8072
cell_r17_c1_blob_1_word_4_char_03_2.png,6,0.511
cell_r17_c1_blob_1_word_4_char_03_3.png,6,0.9642
cell_r17_c1_blob_1_word_4_char_04_1.png,1,0.9999
cell_r17_c1_blob_1_word_4_char_04_2.png,4,0.7006
cell_r17_c6_blob_1_word_1_char_00.png,2,1.0
cell_r17_c6_blob_1_word_2_char_00.png,4,0.9983
cell_r17_c6_blob_1_word_2_char_01.png,6,0.9888
cell_r17_c6_blob_1_word_3_char_00.png,7,0.7601
cell_r17_c6_blob_1_word_3_char_01.png,3,0.9591
cell_r17_c6_blob_1_word_3_char_02.png,2,0.9926
cell_r17_c6_blob_1_word_3_char_03.png,1,0.9721
cell_r17_c6_blob_1_word_4_char_00.png,6,0.9889
cell_r17_c6_blob_1_word_4_char_01.png,1,0.9965
cell_r17_c7_blob_1_word_1_char_00.png,0,0.9999
cell_r17_c7_blob_1_word_1_char_01.png,7,0.9647
cell_r17_c7_blob_1_word_1_char_02.png,2,0.5609
cell_r17_c7_blob_1_word_1_char_03.png,0,1.0
cell_r17_c9_blob_1_word_1_char_00.png,2,1.0
cell_r18_c11_blob_1_word_1_char_00.png,7,0.8759
cell_r18_c11_blob_1_word_1_char_01.png,7,0.8609
cell_r18_c11_blob_1_word_2_char_00.png,5,0.4884
cell_r18_c11_blob_1_word_2_char_01.png,1,0.391
cell_r18_c11_blob_1_word_2_char_02.png,6,0.9983
cell_r18_c11_blob_1_word_2_char_03.png,3,0.6455
cell_r18_c11_blob_1_word_2_char_04.png,1,0.9312
cell_r18_c11_blob_1_word_2_char_05.png,1,0.9984
cell_r18_c11_blob_1_word_2_char_06.png,6,0.5776
cell_r18_c11_blob_1_word_2_char_07.png,0,0.9998
cell_r18_c11_blob_1_word_2_char_08.png,0,0.98
cell_r18_c17_blob_1_word_1_char_00.png,1,1.0
cell_r18_c17_blob_1_word_1_char_01.png,5,0.9615
cell_r18_c17_blob_1_word_1_char_02.png,0,0.9989
cell_r18_c17_blob_1_word_2_char_00.png,1,0.6651
cell_r18_c17_blob_1_word_2_char_01.png,4,0.9684
cell_r18_c17_blob_1_word_3_char_00.png,0,0.9995
cell_r18_c17_blob_1_word_3_char_01.png,7,0.9998
cell_r18_c17_blob_1_word_3_char_02.png,2,0.9997
cell_r18_c17_blob_1_word_3_char_03.png,3,0.9961
cell_r18_c17_blob_1_word_3_char_04.png,5,0.987
cell_r18_c18_blob_1_word_1_char_00.png,2,0.9999
cell_r18_c18_blob_1_word_1_char_01.png,7,0.8411
cell_r18_c18_blob_1_word_1_char_02.png,7,0.5306
cell_r18_c18_blob_1_word_2_char_00.png,1,0.9929
cell_r18_c18_blob_1_word_2_char_01.png,6,0.9553
cell_r18_c18_blob_1_word_3_char_00.png,6,0.7798
cell_r18_c18_blob_1_word_3_char_01.png,9,0.5613
cell_r18_c18_blob_1_word_3_char_02.png,8,0.4789
cell_r18_c18_blob_1_word_3_char_03.png,8,0.3849
cell_r18_c18_blob_1_word_3_char_04.png,2,0.9997
cell_r18_c7_blob_1_word_1_char_00.png,0,0.958
cell_r18_c7_blob_1_word_1_char_01.png,2,0.6738
cell_r18_c7_blob_1_word_2_char_00.png,2,0.8651
cell_r18_c7_blob_1_word_2_char_01.png,0,0.9997
cell_r19_c11_blob_1_word_1_char_00.png,7,0.9989
cell_r19_c11_blob_1_word_2_char_00.png,1,0.9882
cell_r19_c11_blob_1_word_3_char_00.png,5,0.9766
cell_r19_c11_blob_1_word_3_char_01.png,5,0.6693
cell_r19_c11_blob_1_word_3_char_02.png,0,0.9982
cell_r19_c11_blob_1_word_3_char_03.png,2,0.9977
cell_r19_c11_blob_1_word_3_char_04.png,0,0.4728
cell_r19_c11_blob_1_word_3_char_05.png,0,0.984
cell_r19_c11_blob_1_word_4_char_00.png,0,0.9661
cell_r19_c11_blob_1_word_4_char_01.png,0,0.9977
cell_r19_c15_blob_1_word_1_char_00.png,3,0.9991
cell_r19_c15_blob_1_word_2_char_00.png,5,0.9864
cell_r19_c15_blob_1_word_2_char_01.png,5,0.476
cell_r19_c15_blob_1_word_2_char_02.png,2,0.9729
cell_r19_c15_blob_1_word_3_char_00.png,0,0.9886
cell_r19_c15_blob_1_word_3_char_01.png,2,0.9147
cell_r19_c15_blob_1_word_3_char_02_1.png,1,0.9445
cell_r19_c15_blob_1_word_3_char_02_2.png,1,0.529
cell_r19_c15_blob_1_word_3_char_03.png,5,0.9024
cell_r19_c15_blob_1_word_3_char_04.png,0,0.9927
cell_r19_c17_blob_1_word_1_char_00.png,5,0.9972
cell_r19_c17_blob_1_word_2_char_00.png,3,0.9976
cell_r19_c17_blob_1_word_3_char_00.png,7,1.0
cell_r19_c17_blob_1_word_3_char_01.png,5,0.9991
cell_r19_c17_blob_1_word_4_char_00.png,7,0.6639
cell_r19_c17_blob_1_word_4_char_01.png,1,0.7373
cell_r19_c17_blob_1_word_4_char_02.png,2,0.9512
cell_r19_c17_blob_1_word_4_char_03.png,0,0.9999
cell_r19_c17_blob_1_word_4_char_04.png,5,0.5532
cell_r19_c17_blob_1_word_4_char_05.png,0,0.9996
cell_r19_c18_blob_1_word_1_char_00.png,6,0.9992
cell_r19_c18_blob_1_word_2_char_00.png,4,0.974
cell_r19_c18_blob_1_word_2_char_01.png,5,0.9964
cell_r19_c18_blob_1_word_2_char_02.png,5,0.9543
cell_r19_c18_blob_1_word_3_char_00.png,0,0.9035
cell_r19_c18_blob_1_word_3_char_01.png,5,0.8726
cell_r19_c18_blob_1_word_3_char_02.png,6,0.7101
cell_r19_c18_blob_1_word_3_char_03.png,1,0.7399
cell_r19_c18_blob_1_word_4_char_00.png,5,0.8226
cell_r19_c18_blob_1_word_4_char_01.png,1,0.8011
cell_r19_c18_blob_1_word_4_char_02.png,1,0.7704
cell_r19_c18_blob_1_word_4_char_03.png,1,0.9999
cell_r19_c4_blob_1_word_1_char_00.png,6,0.6126
cell_r19_c4_blob_1_word_1_char_01.png,0,0.9742
cell_r19_c4_blob_1_word_1_char_02.png,1,0.2843
cell_r19_c7_blob_1_word_1_char_00.png,1,0.995
cell_r19_c7_blob_1_word_1_char_01.png,7,1.0
cell_r19_c7_blob_1_word_1_char_02.png,5,0.9996
cell_r19_c7_blob_1_word_2_char_00.png,7,0.7562
cell_r19_c7_blob_1_word_2_char_01.png,1,0.9002
cell_r19_c7_blob_1_word_2_char_02.png,5,0.9042
cell_r19_c7_blob_1_word_2_char_03.png,0,0.9997
cell_r19_c7_blob_1_word_2_char_04.png,5,0.9366
cell_r19_c7_blob_1_word_2_char_05.png,0,0.9998
cell_r1_c2_blob_2_word_1_char_00.png,2,0.991
cell_r1_c2_blob_2_word_1_char_01.png,6,0.8858
cell_r1_c2_blob_2_word_1_char_02.png,2,0.9984
cell_r1_c2_blob_2_word_1_char_03.png,4,0.9948
cell_r1_c2_blob_2_word_1_char_04.png,6,0.8422
cell_r1_c4_blob_2_word_1_char_00.png,6,0.9504
cell_r1_c4_blob_2_word_1_char_01.png,7,0.9604
cell_r1_c4_blob_2_word_1_char_02.png,6,0.9996
cell_r1_c4_blob_2_word_1_char_03.png,7,0.5409
cell_r1_c4_blob_2_word_1_char_04_1.png,6,0.9997
cell_r1_c4_blob_2_word_1_char_04_2.png,4,0.7774
cell_r1_c4_blob_2_word_1_char_05.png,3,0.9762
cell_r1_c4_blob_2_word_1_char_06_1.png,0,0.9941
cell_r1_c4_blob_2_word_1_char_06_2.png,0,0.9998
cell_r1_c4_blob_2_word_1_char_06_3.png,2,0.9757
cell_r1_c4_blob_2_word_1_char_07.png,7,0.7312
cell_r20_c11_blob_1_word_1_char_00.png,2,1.0
cell_r20_c11_blob_1_word_1_char_01.png,9,0.3056
cell_r20_c11_blob_1_word_1_char_02.png,6,0.9899
cell_r20_c11_blob_1_word_2_char_00.png,2,0.9999
cell_r20_c11_blob_1_word_2_char_01.png,3,0.9982
cell_r20_c11_blob_1_word_2_char_02.png,6,0.9753
cell_r20_c11_blob_1_word_3_char_00.png,2,0.9998
cell_r20_c11_blob_1_word_3_char_01.png,5,0.8608
cell_r20_c11_blob_1_word_3_char_02.png,5,0.6801
cell_r20_c11_blob_1_word_3_char_03.png,8,0.8879
cell_r20_c11_blob_1_word_3_char_04.png,7,0.6083
cell_r20_c15_blob_1_word_1_char_00.png,2,1.0
cell_r20_c15_blob_1_word_1_char_01.png,5,0.4583
cell_r20_c15_blob_1_word_1_char_02.png,6,0.9982
cell_r20_c15_blob_1_word_2_char_00.png,3,0.9947
cell_r20_c15_blob_1_word_2_char_01.png,6,0.9789
cell_r20_c15_blob_1_word_2_char_02.png,9,1.0
cell_r20_c15_blob_1_word_3_char_00.png,6,0.9907
cell_r20_c15_blob_1_word_3_char_01.png,5,1.0
cell_r20_c15_blob_1_word_3_char_02.png,5,1.0
cell_r20_c15_blob_1_word_3_char_03.png,2,0.6473
cell_r20_c15_blob_1_word_3_char_04.png,1,0.8128
cell_r20_c15_blob_1_word_3_char_05.png,2,0.9999
cell_r20_c17_blob_1_word_1_char_00.png,6,0.9996
cell_r20_c17_blob_1_word_1_char_01.png,6,0.9999
cell_r20_c17_blob_1_word_1_char_02.png,2,0.9997
cell_r20_c17_blob_1_word_2_char_00.png,6,0.9991
cell_r20_c17_blob_1_word_2_char_01.png,0,0.9952
cell_r20_c17_blob_1_word_2_char_02.png,3,0.9984
cell_r20_c17_blob_1_word_3_char_00.png,0,0.9997
cell_r20_c17_blob_1_word_3_char_01.png,6,0.9998
cell_r20_c17_blob_1_word_3_char_02.png,9,0.9945
cell_r20_c17_blob_1_word_3_char_03.png,1,0.9992
cell_r20_c17_blob_1_word_3_char_04.png,9,0.9994
cell_r20_c17_blob_1_word_3_char_05.png,2,0.8938
cell_r20_c18_blob_1_word_1_char_00.png,6,0.9999
cell_r20_c18_blob_1_word_1_char_01.png,5,0.9921
cell_r20_c18_blob_1_word_2_char_00.png,8,0.4598
cell_r20_c18_blob_1_word_3_char_00.png,2,0.9992
cell_r20_c18_blob_1_word_3_char_01.png,3,1.0
cell_r20_c18_blob_1_word_4_char_00.png,6,0.985
cell_r20_c18_blob_1_word_4_char_01.png,7,0.9998
cell_r20_c18_blob_1_word_5_char_00.png,6,0.5783
cell_r20_c18_blob_1_word_5_char_01.png,1,1.0
cell_r20_c7_blob_1_word_1_char_00.png,3,0.379
cell_r20_c7_blob_1_word_1_char_01.png,1,0.9994
cell_r20_c7_blob_1_word_2_char_00.png,1,0.7823
cell_r20_c7_blob_1_word_2_char_01.png,1,0.9894
cell_r20_c7_blob_1_word_2_char_02.png,6,0.9824
cell_r20_c7_blob_1_word_2_char_03.png,7,0.9997
cell_r20_c7_blob_1_word_3_char_00.png,1,0.9955
cell_r20_c7_blob_1_word_4_char_00.png,4,0.9994
cell_r20_c7_blob_1_word_4_char_01.png,4,0.8804
cell_r20_c7_blob_1_word_4_char_02.png,1,0.992
cell_r20_c7_blob_1_word_4_char_03.png,0,0.9991
cell_r20_c7_blob_1_word_4_char_04.png,3,0.9344
cell_r2_c0_blob_2_word_1_char_00.png,6,0.9948
cell_r2_c0_blob_2_word_1_char_01.png,0,0.4042
cell_r2_c0_blob_2_word_1_char_02.png,7,0.999
cell_r2_c0_blob_2_word_2_char_00.png,6,0.9043
cell_r2_c0_blob_2_word_2_char_01.png,7,0.7018
cell_r2_c0_blob_2_word_2_char_02_1.png,6,0.3978
cell_r2_c0_blob_2_word_2_char_02_2.png,6,0.4068
cell_r2_c1_blob_1_word_1_char_00.png,8,0.5602
cell_r2_c1_blob_1_word_1_char_01.png,5,0.9441
cell_r2_c1_blob_1_word_1_char_02_1.png,6,0.7631
cell_r2_c1_blob_1_word_1_char_02_2.png,5,0.9499
cell_r2_c1_blob_1_word_1_char_03.png,6,0.8923
cell_r2_c1_blob_1_word_1_char_04.png,5,0.9268
cell_r2_c1_blob_1_word_1_char_05.png,6,0.9539
cell_r2_c1_blob_1_word_1_char_06.png,6,0.8638
cell_r2_c3_blob_4_word_1_char_00.png,9,0.9385
cell_r2_c3_blob_4_word_2_char_00.png,1,0.9714
cell_r2_c3_blob_4_word_2_char_01.png,1,0.9334
cell_r2_c3_blob_4_word_2_char_02.png,6,0.818
cell_r2_c3_blob_4_word_3_char_00_1.png,5,0.6203
cell_r2_c3_blob_4_word_3_char_00_2.png,9,0.7881
cell_r2_c3_blob_4_word_3_char_00_3.png,6,0.4606
cell_r2_c6_blob_2_word_1_char_00_1.png,5,0.5033
cell_r2_c6_blob_2_word_1_char_00_2.png,0,0.4899
cell_r2_c6_blob_2_word_1_char_01.png,6,0.8898
cell_r2_c6_blob_2_word_1_char_02.png,1,0.9995
cell_r2_c6_blob_2_word_1_char_03.png,1,0.9806
cell_r2_c6_blob_2_word_1_char_04.png,6,0.8869
cell_r2_c6_blob_2_word_1_char_05_1.png,0,0.8099
cell_r2_c6_blob_2_word_1_char_05_2.png,6,0.6735
cell_r2_c6_blob_2_word_1_char_06.png,0,0.4378
cell_r2_c6_blob_2_word_2_char_00.png,6,0.9997
cell_r2_c6_blob_2_word_2_char_01.png,6,0.985
cell_r2_c6_blob_2_word_2_char_02.png,6,0.9893
cell_r2_c6_blob_2_word_2_char_03.png,5,0.9997
cell_r2_c7_blob_1_word_1_char_00.png,6,0.9931
cell_r2_c7_blob_1_word_1_char_01.png,1,0.7951
cell_r2_c7_blob_1_word_1_char_02_1.png,6,0.9997
cell_r2_c7_blob_1_word_1_char_02_2.png,6,0.9607
cell_r2_c7_blob_1_word_1_char_03.png,1,0.943
cell_r2_c7_blob_1_word_1_char_04_1.png,1,0.9541
cell_r2_c7_blob_1_word_1_char_04_2.png,1,0.9601
cell_r2_c7_blob_2_word_1_char_00.png,6,0.9997
cell_r2_c7_blob_2_word_1_char_01_1.png,7,0.979
cell_r2_c7_blob_2_word_1_char_01_2.png,0,0.7378
cell_r2_c7_blob_2_word_2_char_00_1.png,6,0.9771
cell_r2_c7_blob_2_word_2_char_00_2.png,6,0.7144
cell_r2_c7_blob_2_word_2_char_00_3.png,5,0.9991
cell_r2_c7_blob_2_word_2_char_01.png,3,0.606
cell_r2_c7_blob_2_word_3_char_00_1.png,0,0.9915
cell_r2_c7_blob_2_word_3_char_00_2.png,0,0.9997
cell_r2_c7_blob_2_word_3_char_00_3.png,5,0.5904
cell_r2_c7_blob_2_word_3_char_01.png,1,0.9958
cell_r3_c11_blob_1_word_1_char_00.png,2,0.7329
cell_r3_c13_blob_1_word_1_char_00.png,1,0.5271
cell_r3_c13_blob_1_word_2_char_00.png,4,0.978
cell_r3_c14_blob_1_word_1_char_00.png,1,0.8609
cell_r3_c14_blob_1_word_1_char_01.png,7,0.7934
cell_r3_c15_blob_1_word_1_char_00_1.png,7,0.9994
cell_r3_c15_blob_1_word_1_char_00_2.png,7,0.9994
cell_r3_c15_blob_1_word_1_char_00_3.png,7,0.9989
cell_r3_c15_blob_1_word_1_char_01.png,7,0.9974
cell_r3_c15_blob_1_word_1_char_02_1.png,7,0.9996
cell_r3_c15_blob_1_word_1_char_02_2.png,7,0.9995
cell_r3_c15_blob_1_word_1_char_02_3.png,7,0.9998
cell_r3_c15_blob_1_word_1_char_03.png,5,0.6484
cell_r3_c15_blob_1_word_1_char_04.png,6,0.6932
cell_r3_c17_blob_1_word_1_char_00.png,1,0.9987
cell_r3_c17_blob_1_word_1_char_01.png,5,0.9853
cell_r3_c18_blob_1_word_1_char_00_1.png,7,0.9988
cell_r3_c18_blob_1_word_1_char_00_2.png,7,0.9986
cell_r3_c18_blob_1_word_1_char_00_3.png,7,0.995
cell_r3_c18_blob_1_word_1_char_01_1.png,7,0.9992
cell_r3_c18_blob_1_word_1_char_01_2.png,7,0.9992
cell_r3_c18_blob_1_word_1_char_01_3.png,7,0.9981
cell_r3_c18_blob_1_word_1_char_02_1.png,7,0.9744
cell_r3_c18_blob_1_word_1_char_02_2.png,7,0.9956
cell_r3_c18_blob_1_word_1_char_02_3.png,7,0.9947
cell_r3_c18_blob_1_word_2_char_00.png,1,0.9778
cell_r3_c18_blob_1_word_2_char_01.png,7,0.6954
cell_r3_c1_blob_1_word_1_char_00.png,2,0.9985
cell_r3_c2_blob_1_word_1_char_00.png,5,0.8756
cell_r3_c3_blob_1_word_1_char_00.png,4,0.7002
cell_r3_c4_blob_1_word_1_char_00.png,7,0.9988
cell_r3_c6_blob_1_word_1_char_00.png,7,1.0
cell_r3_c7_blob_1_word_1_char_00.png,5,0.377
cell_r3_c8_blob_1_word_1_char_00.png,6,0.5118
cell_r3_c9_blob_1_word_1_char_00.png,7,0.9985
cell_r3_c9_blob_1_word_1_char_01.png,7,0.9982
cell_r3_c9_blob_1_word_1_char_02.png,1,0.9889
cell_r3_c9_blob_1_word_2_char_00.png,1,0.8386
cell_r3_c9_blob_1_word_2_char_01.png,1,0.9736
cell_r4_c0_blob_1_word_1_char_00.png,1,0.9999
cell_r4_c10_blob_1_word_1_char_00.png,5,0.9715
cell_r4_c10_blob_1_word_2_char_00.png,7,0.9995
cell_r4_c10_blob_1_word_2_char_01.png,7,0.9999
cell_r4_c10_blob_1_word_2_char_02.png,3,0.961
cell_r4_c10_blob_1_word_3_char_00.png,4,0.9951
cell_r4_c10_blob_1_word_3_char_01.png,2,1.0
cell_r4_c10_blob_1_word_3_char_02.png,9,0.9816
cell_r4_c10_blob_1_word_3_char_03.png,8,0.9338
cell_r4_c10_blob_1_word_4_char_00.png,3,0.9992
cell_r4_c12_blob_1_word_1_char_00_1.png,1,0.9454
cell_r4_c12_blob_1_word_1_char_00_2.png,4,0.9191
cell_r4_c12_blob_1_word_1_char_01.png,8,0.5592
cell_r4_c12_blob_1_word_1_char_02.png,6,0.9876
cell_r4_c14_blob_1_word_1_char_00.png,3,0.5205
cell_r4_c14_blob_1_word_2_char_00.png,1,0.9964
cell_r4_c14_blob_1_word_2_char_01.png,2,0.9271
cell_r4_c14_blob_1_word_2_char_02.png,5,0.9999
cell_r4_c14_blob_1_word_3_char_00.png,1,0.9984
cell_r4_c14_blob_1_word_3_char_01.png,1,0.4289
cell_r4_c14_blob_1_word_3_char_02.png,5,0.9999
cell_r4_c14_blob_1_word_3_char_03.png,6,0.9851
cell_r4_c14_blob_1_word_3_char_04.png,2,0.9992
cell_r4_c16_blob_1_word_1_char_00.png,2,1.0
cell_r4_c16_blob_1_word_1_char_01.png,7,0.9995
cell_r4_c17_blob_1_word_1_char_00.png,1,0.9996
cell_r4_c17_blob_1_word_1_char_01.png,5,0.9846
cell_r4_c17_blob_1_word_2_char_00.png,9,0.9132
cell_r4_c17_blob_1_word_3_char_00.png,0,0.9947
cell_r4_c17_blob_1_word_3_char_01.png,5,0.9981
cell_r4_c17_blob_1_word_4_char_00.png,3,0.9981
cell_r4_c17_blob_1_word_4_char_01.png,3,0.9619
cell_r4_c17_blob_1_word_4_char_02.png,2,0.7133
cell_r4_c17_blob_1_word_4_char_03.png,1,0.9997
cell_r4_c17_blob_1_word_5_char_00.png,0,1.0
cell_r4_c18_blob_1_word_1_char_00.png,8,0.9996
cell_r4_c18_blob_1_word_2_char_00.png,6,0.9976
cell_r4_c18_blob_1_word_2_char_01.png,3,0.8702
cell_r4_c18_blob_1_word_2_char_02.png,6,0.9982
cell_r4_c18_blob_1_word_3_char_00.png,3,0.7132
cell_r4_c18_blob_1_word_3_char_01.png,6,0.8769
cell_r4_c18_blob_1_word_3_char_02.png,6,0.6763
cell_r4_c18_blob_1_word_3_char_03.png,2,0.9999
cell_r4_c1_blob_1_word_1_char_00.png,6,0.9426
cell_r4_c1_blob_1_word_1_char_01_1.png,8,0.9927
cell_r4_c1_blob_1_word_1_char_01_2.png,6,0.9844
cell_r4_c1_blob_1_word_1_char_01_3.png,0,0.9972
cell_r4_c1_blob_1_word_1_char_02_1.png,1,0.6149
cell_r4_c1_blob_1_word_1_char_02_2.png,5,0.7383
cell_r4_c1_blob_1_word_1_char_03.png,6,0.9496
cell_r4_c1_blob_1_word_1_char_04.png,1,0.9901
cell_r4_c1_blob_1_word_1_char_05.png,1,0.9434
cell_r4_c1_blob_1_word_1_char_06.png,9,0.4581
cell_r4_c1_blob_1_word_1_char_07.png,6,0.8593
cell_r4_c1_blob_1_word_2_char_00.png,6,0.5171
cell_r4_c1_blob_1_word_2_char_01.png,9,0.4975
cell_r4_c1_blob_1_word_2_char_02.png,1,0.9971
cell_r4_c1_blob_1_word_2_char_03.png,1,0.8557
cell_r4_c1_blob_1_word_2_char_04.png,9,0.957
cell_r4_c1_blob_1_word_2_char_05.png,6,0.9376
cell_r4_c1_blob_1_word_2_char_06_1.png,6,0.996
cell_r4_c1_blob_1_word_2_char_06_2.png,1,0.9361
cell_r4_c1_blob_1_word_2_char_06_3.png,6,0.9826
cell_r4_c1_blob_1_word_2_char_07_1.png,6,0.9988
cell_r4_c1_blob_1_word_2_char_07_2.png,0,0.9352
cell_r4_c1_blob_1_word_2_char_07_3.png,6,0.9794
cell_r4_c1_blob_1_word_3_char_00.png,6,0.9978
cell_r4_c1_blob_1_word_3_char_01.png,6,0.9725
cell_r4_c1_blob_1_word_3_char_02_1.png,2,0.2691
cell_r4_c1_blob_1_word_3_char_02_2.png,5,0.8439
cell_r4_c1_blob_1_word_3_char_03_1.png,6,0.9722
cell_r4_c1_blob_1_word_3_char_03_2.png,9,0.878
cell_r4_c1_blob_1_word_3_char_03_3.png,8,0.6628
cell_r4_c1_blob_1_word_3_char_04_1.png,1,0.9995
cell_r4_c1_blob_1_word_3_char_04_2.png,7,0.6408
cell_r4_c1_blob_1_word_3_char_05_1.png,6,0.4902
cell_r4_c1_blob_1_word_3_char_05_2.png,3,0.9281
cell_r4_c1_blob_1_word_3_char_05_3.png,3,0.9943
cell_r4_c1_blob_1_word_3_char_06_1.png,1,0.6103
cell_r4_c1_blob_1_word_3_char_06_2.png,1,0.6106
cell_r4_c1_blob_1_word_3_char_07.png,6,0.9964
cell_r4_c1_blob_1_word_3_char_08.png,6,0.9841
cell_r4_c1_blob_1_word_4_char_00_1.png,9,0.7304
cell_r4_c1_blob_1_word_4_char_00_2.png,6,0.9633
cell_r4_c1_blob_1_word_4_char_01.png,5,0.8456
cell_r4_c1_blob_1_word_4_char_02.png,6,0.9922
cell_r4_c1_blob_1_word_4_char_03_1.png,6,0.9949
cell_r4_c1_blob_1_word_4_char_03_2.png,8,0.5833
cell_r4_c1_blob_1_word_4_char_04.png,6,0.9662
cell_r4_c1_blob_1_word_4_char_05_1.png,6,0.8947
cell_r4_c1_blob_1_word_4_char_05_2.png,3,0.8645
cell_r4_c1_blob_1_word_4_char_05_3.png,5,0.6704
cell_r4_c1_blob_1_word_4_char_06.png,1,0.9527
cell_r4_c1_blob_1_word_4_char_07.png,1,0.9974
cell_r4_c1_blob_1_word_4_char_08.png,6,0.998
cell_r4_c1_blob_1_word_4_char_09.png,6,0.9512
cell_r4_c1_blob_1_word_5_char_00.png,7,1.0
cell_r4_c1_blob_1_word_5_char_01.png,1,0.8367
cell_r4_c1_blob_1_word_5_char_02.png,1,1.0
cell_r4_c1_blob_1_word_6_char_00.png,6,0.98
cell_r4_c5_blob_1_word_1_char_00.png,3,0.9918
cell_r4_c6_blob_1_word_1_char_00.png,5,0.9963
cell_r4_c6_blob_1_word_2_char_00.png,4,0.9931
cell_r4_c6_blob_1_word_2_char_01.png,5,0.7077
cell_r4_c6_blob_1_word_3_char_00.png,5,0.995
cell_r4_c6_blob_1_word_3_char_01.png,4,0.937
cell_r4_c6_blob_1_word_4_char_00.png,0,0.6333
cell_r4_c6_blob_1_word_5_char_00.png,7,0.9535
cell_r4_c6_blob_1_word_5_char_01.png,5,0.7459
cell_r4_c6_blob_1_word_5_char_02.png,0,0.9981
cell_r4_c7_blob_1_word_1_char_00.png,1,1.0
cell_r4_c7_blob_1_word_1_char_01.png,5,0.9226
cell_r4_c7_blob_1_word_2_char_00.png,5,0.9897
cell_r4_c7_blob_1_word_2_char_01.png,2,0.9774
cell_r4_c7_blob_1_word_2_char_02.png,6,0.7929
cell_r4_c7_blob_1_word_3_char_00.png,5,0.7549
cell_r4_c7_blob_1_word_3_char_01_1.png,4,0.9636
cell_r4_c7_blob_1_word_3_char_01_2.png,5,0.977
cell_r4_c7_blob_1_word_3_char_02.png,1,0.7274
cell_r4_c7_blob_1_word_3_char_03.png,5,0.9984
cell_r4_c9_blob_1_word_1_char_00.png,1,0.9999
cell_r4_c9_blob_1_word_2_char_00.png,2,1.0
cell_r5_c0_blob_1_word_1_char_00.png,2,0.9942
cell_r5_c1_blob_1_word_1_char_00.png,7,0.9301
cell_r5_c1_blob_1_word_1_char_01.png,8,0.6608
cell_r5_c1_blob_1_word_1_char_02_1.png,3,0.9539
cell_r5_c1_blob_1_word_1_char_02_2.png,7,0.9993
cell_r5_c1_blob_1_word_1_char_02_3.png,4,0.574
cell_r5_c1_blob_1_word_1_char_03.png,6,0.5925
cell_r5_c1_blob_1_word_2_char_00_1.png,1,0.9826
cell_r5_c1_blob_1_word_2_char_00_2.png,1,0.6553
cell_r5_c1_blob_1_word_2_char_01_1.png,1,0.8971
cell_r5_c1_blob_1_word_2_char_01_2.png,6,0.927
cell_r5_c1_blob_1_word_2_char_02.png,7,0.6484
cell_r5_c1_blob_1_word_2_char_03_1.png,6,0.9947
cell_r5_c1_blob_1_word_2_char_03_2.png,0,0.5616
cell_r5_c1_blob_1_word_2_char_03_3.png,6,0.7267
cell_r5_c1_blob_1_word_3_char_00.png,6,0.9965
cell_r5_c1_blob_1_word_3_char_01.png,7,0.9484
cell_r5_c1_blob_1_word_3_char_02.png,1,0.6634
cell_r5_c1_blob_1_word_3_char_03.png,6,0.8961
cell_r5_c1_blob_1_word_3_char_04_1.png,1,0.6269
cell_r5_c1_blob_1_word_3_char_04_2.png,1,0.6539
cell_r5_c1_blob_1_word_3_char_05.png,7,0.9901
cell_r5_c1_blob_1_word_3_char_06.png,8,0.4374
cell_r5_c1_blob_1_word_3_char_07.png,6,0.9843
cell_r5_c1_blob_1_word_3_char_08.png,6,0.9581
cell_r5_c1_blob_1_word_3_char_09.png,6,0.7958
cell_r5_c1_blob_1_word_3_char_10.png,7,0.9791
cell_r5_c1_blob_1_word_3_char_11.png,1,0.5633
cell_r5_c1_blob_1_word_3_char_12_1.png,1,0.7542
cell_r5_c1_blob_1_word_3_char_12_2.png,1,0.7663
cell_r5_c1_blob_1_word_3_char_13.png,6,0.7963
cell_r5_c1_blob_1_word_4_char_00_1.png,7,0.6924
cell_r5_c1_blob_1_word_4_char_00_2.png,1,0.967
cell_r5_c1_blob_1_word_5_char_00_1.png,6,0.992
cell_r5_c1_blob_1_word_5_char_00_2.png,6,0.9968
cell_r5_c1_blob_1_word_5_char_01_1.png,1,0.9999
cell_r5_c1_blob_1_word_5_char_01_2.png,7,0.8933
cell_r5_c1_blob_1_word_5_char_02.png,6,0.9862
cell_r5_c1_blob_1_word_5_char_03.png,6,0.8311
cell_r5_c1_blob_1_word_5_char_04.png,6,0.8075
cell_r5_c1_blob_1_word_5_char_05.png,1,0.8862
cell_r5_c1_blob_1_word_6_char_00.png,6,0.984
cell_r5_c1_blob_1_word_6_char_01.png,3,0.5583
cell_r5_c1_blob_1_word_7_char_00_1.png,5,0.9959
cell_r5_c1_blob_1_word_7_char_00_2.png,5,0.8476
cell_r5_c1_blob_1_word_7_char_01_1.png,7,0.7713
cell_r5_c1_blob_1_word_7_char_01_2.png,7,0.9986
cell_r5_c1_blob_1_word_7_char_02_1.png,1,1.0
cell_r5_c1_blob_1_word_7_char_02_2.png,9,0.9737
cell_r5_c1_blob_1_word_7_char_03_1.png,7,0.4468
cell_r5_c1_blob_1_word_7_char_03_2.png,0,0.8137
cell_r5_c1_blob_1_word_7_char_04.png,6,0.8212
cell_r5_c1_blob_1_word_7_char_05_1.png,1,0.9204
cell_r5_c1_blob_1_word_7_char_05_2.png,4,0.4846
cell_r5_c1_blob_1_word_7_char_06.png,6,0.9448
cell_r5_c1_blob_1_word_7_char_07.png,7,0.6719
cell_r5_c1_blob_1_word_7_char_08.png,3,0.5951
cell_r5_c1_blob_1_word_8_char_00.png,6,0.9916
cell_r5_c1_blob_1_word_8_char_01.png,5,0.9847
cell_r5_c1_blob_1_word_9_char_00.png,6,0.9665
cell_r5_c1_blob_1_word_9_char_01.png,7,0.9518
cell_r5_c1_blob_1_word_9_char_02.png,8,0.5265
cell_r5_c1_blob_1_word_9_char_03.png,1,1.0
cell_r5_c1_blob_1_word_9_char_04.png,6,0.8008
cell_r5_c1_blob_1_word_9_char_05_1.png,7,0.4717
cell_r5_c1_blob_1_word_9_char_05_2.png,1,0.9969
cell_r5_c1_blob_1_word_9_char_06.png,6,0.9873
cell_r6_c10_blob_1_word_1_char_00.png,7,0.6565
cell_r6_c10_blob_1_word_1_char_01.png,6,0.9866
cell_r6_c10_blob_1_word_1_char_02.png,5,0.9398
cell_r6_c10_blob_1_word_2_char_00.png,6,0.992
cell_r6_c10_blob_1_word_2_char_01.png,1,0.95
cell_r6_c10_blob_1_word_2_char_02.png,6,0.9731
cell_r6_c10_blob_1_word_2_char_03.png,1,0.6991
cell_r6_c10_blob_1_word_2_char_04.png,1,0.9181
cell_r6_c10_blob_1_word_2_char_05.png,6,0.7782
cell_r6_c13_blob_1_word_1_char_00.png,9,0.7428
cell_r6_c14_blob_1_word_1_char_00.png,7,0.9849
cell_r6_c14_blob_1_word_1_char_01.png,5,0.9813
cell_r6_c14_blob_1_word_1_char_02.png,0,0.9923
cell_r6_c14_blob_1_word_1_char_03.png,5,0.9961
cell_r6_c14_blob_1_word_1_char_04.png,2,1.0
cell_r6_c14_blob_1_word_1_char_05.png,9,0.6635
cell_r6_c14_blob_1_word_1_char_06.png,5,0.9876
cell_r6_c14_blob_1_word_1_char_07.png,1,0.9927
cell_r6_c14_blob_1_word_1_char_08.png,3,0.9773
cell_r6_c14_blob_1_word_1_char_09.png,5,0.9408
cell_r6_c15_blob_1_word_1_char_00.png,4,0.4909
cell_r6_c15_blob_1_word_2_char_00.png,6,0.5985
cell_r6_c15_blob_1_word_2_char_01.png,3,0.9954
cell_r6_c15_blob_1_word_3_char_00.png,4,0.2492
cell_r6_c15_blob_1_word_3_char_01.png,7,0.9472
cell_r6_c15_blob_1_word_3_char_02.png,6,0.9998
cell_r6_c15_blob_1_word_4_char_00.png,7,0.9968
cell_r6_c15_blob_1_word_4_char_01.png,3,0.9966
cell_r6_c15_blob_1_word_4_char_02.png,0,0.9993
cell_r6_c16_blob_1_word_1_char_00.png,1,0.9316
cell_r6_c16_blob_1_word_1_char_01.png,6,0.9522
cell_r6_c16_blob_1_word_2_char_00.png,6,0.9662
cell_r6_c17_blob_1_word_1_char_00.png,1,0.9999
cell_r6_c17_blob_1_word_1_char_01.png,1,0.9964
cell_r6_c17_blob_1_word_1_char_02.png,5,0.999
cell_r6_c17_blob_1_word_1_char_03.png,2,1.0
cell_r6_c17_blob_1_word_1_char_04.png,5,0.5123
cell_r6_c17_blob_1_word_1_char_05.png,2,0.9905
cell_r6_c17_blob_1_word_1_char_06.png,5,0.575
cell_r6_c17_blob_1_word_1_char_07.png,0,0.9954
cell_r6_c17_blob_1_word_1_char_08.png,3,0.9225
cell_r6_c17_blob_1_word_1_char_09.png,0,0.9916
cell_r6_c18_blob_1_word_1_char_00.png,1,0.9942
cell_r6_c18_blob_1_word_2_char_00.png,3,0.7364
cell_r6_c18_blob_1_word_3_char_00.png,1,0.9797
cell_r6_c18_blob_1_word_3_char_01.png,1,0.7018
cell_r6_c18_blob_1_word_3_char_02.png,1,1.0
cell_r6_c18_blob_1_word_4_char_00.png,3,0.9371
cell_r6_c18_blob_1_word_5_char_00.png,6,0.7069
cell_r6_c18_blob_1_word_5_char_01.png,7,0.9998
cell_r6_c18_blob_1_word_5_char_02.png,6,0.9992
cell_r6_c18_blob_1_word_6_char_00.png,5,0.9461
cell_r6_c18_blob_1_word_6_char_01.png,6,0.6301
cell_r6_c1_blob_1_word_1_char_00.png,1,0.9763
cell_r6_c1_blob_1_word_1_char_01.png,6,0.9956
cell_r6_c1_blob_1_word_1_char_02.png,1,0.6098
cell_r6_c1_blob_1_word_1_char_03.png,1,0.9531
cell_r6_c1_blob_1_word_1_char_04.png,1,0.8511
cell_r6_c1_blob_1_word_1_char_05.png,7,0.9155
cell_r6_c1_blob_1_word_1_char_06.png,6,0.9502
cell_r6_c1_blob_1_word_1_char_07.png,1,0.6723
cell_r6_c1_blob_1_word_1_char_08_1.png,6,0.9899
cell_r6_c1_blob_1_word_1_char_08_2.png,1,0.9839
cell_r6_c1_blob_1_word_1_char_09.png,6,0.311
cell_r6_c1_blob_1_word_1_char_10.png,6,0.9745
cell_r6_c1_blob_1_word_2_char_00.png,6,0.6928
cell_r6_c1_blob_1_word_2_char_01.png,0,0.8504
cell_r6_c1_blob_1_word_2_char_02.png,6,0.9501
cell_r6_c1_blob_1_word_2_char_03.png,7,0.6521
cell_r6_c1_blob_1_word_2_char_04_1.png,9,0.4902
cell_r6_c1_blob_1_word_2_char_04_2.png,0,0.9915
cell_r6_c1_blob_1_word_2_char_04_3.png,0,0.9979
cell_r6_c1_blob_1_word_2_char_05.png,2,0.9897
cell_r6_c1_blob_1_word_2_char_06.png,7,0.9457
cell_r6_c1_blob_1_word_2_char_07.png,1,0.9984
cell_r6_c1_blob_1_word_2_char_08_1.png,1,0.9774
cell_r6_c1_blob_1_word_2_char_08_2.png,7,0.9794
cell_r6_c1_blob_1_word_2_char_09.png,2,0.4912
cell_r6_c1_blob_1_word_2_char_10_1.png,3,0.7152
cell_r6_c1_blob_1_word_2_char_10_2.png,6,0.9311
cell_r6_c1_blob_1_word_2_char_10_3.png,6,0.9095
cell_r6_c1_blob_1_word_2_char_11.png,1,0.944
cell_r6_c1_blob_1_word_2_char_12.png,1,0.9969
cell_r6_c1_blob_1_word_2_char_13.png,0,0.9993
cell_r6_c4_blob_1_word_1_char_00.png,6,0.9464
cell_r6_c4_blob_1_word_1_char_01_1.png,1,0.8142
cell_r6_c4_blob_1_word_1_char_01_2.png,1,0.5194
cell_r6_c4_blob_1_word_1_char_02.png,5,0.5477
cell_r6_c4_blob_1_word_1_char_03.png,5,0.6161
cell_r6_c5_blob_1_word_1_char_00.png,1,1.0
cell_r6_c7_blob_1_word_1_char_00.png,7,0.6802
cell_r6_c7_blob_1_word_1_char_01.png,1,0.9999
cell_r6_c7_blob_1_word_2_char_00.png,7,1.0
cell_r6_c7_blob_1_word_3_char_00.png,6,0.9956
cell_r6_c7_blob_1_word_3_char_01.png,1,0.6292
cell_r6_c7_blob_1_word_3_char_02.png,0,1.0
cell_r6_c7_blob_1_word_4_char_00.png,7,0.7258
cell_r6_c7_blob_1_word_4_char_01.png,1,0.5084
cell_r6_c7_blob_1_word_4_char_02.png,1,0.9756
cell_r6_c8_blob_1_word_1_char_00_1.png,1,0.9995
cell_r6_c8_blob_1_word_1_char_00_2.png,7,0.6607
cell_r6_c8_blob_1_word_1_char_01.png,7,0.9949
cell_r6_c8_blob_1_word_1_char_02_1.png,1,0.9574
cell_r6_c8_blob_1_word_1_char_02_2.png,6,0.5385
cell_r6_c8_blob_1_word_1_char_03.png,7,0.585
cell_r6_c8_blob_1_word_1_char_04.png,7,0.8353
cell_r6_c9_blob_1_word_1_char_00.png,5,0.5269
cell_r7_c0_blob_1_word_1_char_00.png,2,0.9945
cell_r7_c0_blob_1_word_2_char_00.png,2,0.9996
cell_r7_c10_blob_1_word_1_char_00.png,5,0.5299
cell_r7_c10_blob_1_word_1_char_01.png,1,0.9989
cell_r7_c10_blob_1_word_2_char_00.png,6,0.9908
cell_r7_c10_blob_1_word_2_char_01.png,4,0.9998
cell_r7_c10_blob_1_word_2_char_02.png,0,0.9999
cell_r7_c10_blob_1_word_3_char_00.png,7,0.9988
cell_r7_c10_blob_1_word_3_char_01.png,5,0.9998
cell_r7_c10_blob_1_word_3_char_02.png,5,0.9992
cell_r7_c10_blob_1_word_3_char_03.png,5,0.9991
cell_r7_c10_blob_1_word_3_char_04.png,4,0.9984
cell_r7_c13_blob_1_word_1_char_00.png,1,0.9959
cell_r7_c15_blob_1_word_1_char_00.png,5,0.9784
cell_r7_c15_blob_1_word_1_char_01.png,5,0.999
cell_r7_c15_blob_1_word_2_char_00.png,7,1.0
cell_r7_c15_blob_1_word_2_char_01.png,2,0.8153
cell_r7_c15_blob_1_word_2_char_02.png,0,0.9996
cell_r7_c15_blob_1_word_3_char_00_1.png,5,0.9662
cell_r7_c15_blob_1_word_3_char_00_2.png,5,0.3514
cell_r7_c15_blob_1_word_3_char_01.png,5,0.6714
cell_r7_c15_blob_1_word_3_char_02.png,3,0.9921
cell_r7_c15_blob_1_word_3_char_03.png,7,1.0
cell_r7_c16_blob_1_word_1_char_00.png,2,0.9996
cell_r7_c17_blob_1_word_1_char_00.png,1,0.5059
cell_r7_c17_blob_1_word_2_char_00.png,6,1.0
cell_r7_c17_blob_1_word_2_char_01.png,8,0.8597
cell_r7_c17_blob_1_word_3_char_00.png,1,0.6417
cell_r7_c17_blob_1_word_3_char_01.png,0,0.7994
cell_r7_c17_blob_1_word_3_char_02.png,1,1.0
cell_r7_c17_blob_1_word_4_char_00.png,5,0.9961
cell_r7_c17_blob_1_word_4_char_01.png,4,0.9313
cell_r7_c17_blob_1_word_4_char_02.png,4,0.9988
cell_r7_c17_blob_1_word_4_char_03.png,4,0.999
cell_r7_c18_blob_1_word_1_char_00.png,2,0.9999
cell_r7_c18_blob_1_word_1_char_01.png,0,0.6842
cell_r7_c18_blob_1_word_1_char_02.png,2,0.9995
cell_r7_c18_blob_1_word_2_char_00.png,3,0.7122
cell_r7_c18_blob_1_word_2_char_01_1.png,5,0.902
cell_r7_c18_blob_1_word_2_char_01_2.png,5,0.9974
cell_r7_c18_blob_1_word_3_char_00.png,3,0.9959
cell_r7_c18_blob_1_word_3_char_01.png,5,0.8911
cell_r7_c18_blob_1_word_4_char_00.png,5,0.9797
cell_r7_c18_blob_1_word_4_char_01.png,2,1.0
cell_r7_c18_blob_1_word_4_char_02.png,5,0.9989
cell_r7_c6_blob_1_word_1_char_00.png,7,0.7027
cell_r7_c6_blob_1_word_2_char_00.png,7,1.0
cell_r7_c6_blob_1_word_3_char_00.png,2,1.0
cell_r7_c6_blob_1_word_3_char_01.png,0,0.9988
cell_r7_c6_blob_1_word_3_char_02.png,6,0.6994
cell_r7_c6_blob_1_word_4_char_00.png,6,0.9421
cell_r7_c6_blob_1_word_4_char_01.png,1,0.9473
cell_r7_c6_blob_1_word_5_char_00.png,2,0.9998
cell_r7_c6_blob_1_word_5_char_01.png,5,0.5037
cell_r8_c0_blob_1_word_1_char_00.png,2,0.9364
cell_r8_c0_blob_1_word_1_char_01.png,2,0.4289
cell_r8_c0_blob_1_word_2_char_00.png,3,0.9937
cell_r8_c10_blob_1_word_1_char_00.png,2,1.0
cell_r8_c10_blob_1_word_1_char_01.png,1,0.5362
cell_r8_c10_blob_1_word_1_char_02.png,3,0.9994
cell_r8_c12_blob_1_word_1_char_00_1.png,3,0.9958
cell_r8_c12_blob_1_word_1_char_00_2.png,4,0.9978
cell_r8_c12_blob_1_word_2_char_00.png,3,1.0
cell_r8_c12_blob_1_word_2_char_01.png,4,0.9979
cell_r8_c12_blob_1_word_2_char_02.png,6,0.9136
cell_r8_c12_blob_1_word_3_char_00.png,5,0.9999
cell_r8_c12_blob_1_word_3_char_01.png,4,0.8488
cell_r8_c12_blob_1_word_4_char_00.png,2,1.0
cell_r8_c12_blob_1_word_4_char_01.png,2,0.9993
cell_r8_c12_blob_1_word_4_char_02.png,5,0.6544
cell_r8_c14_blob_1_word_1_char_00.png,7,0.502
cell_r8_c14_blob_1_word_1_char_01.png,7,0.9992
cell_r8_c14_blob_1_word_1_char_02.png,5,0.9999
cell_r8_c15_blob_1_word_1_char_00.png,7,0.9993
cell_r8_c15_blob_1_word_1_char_01.png,2,0.5869
cell_r8_c15_blob_1_word_1_char_02.png,3,0.9965
cell_r8_c15_blob_1_word_1_char_03.png,3,0.9845
cell_r8_c15_blob_1_word_2_char_00.png,3,0.9994
cell_r8_c15_blob_1_word_2_char_01_1.png,5,0.9323
cell_r8_c15_blob_1_word_2_char_01_2.png,2,0.9175
cell_r8_c15_blob_1_word_2_char_02.png,2,0.3986
cell_r8_c15_blob_1_word_2_char_03.png,1,0.7287
cell_r8_c15_blob_1_word_2_char_04.png,5,0.9627
cell_r8_c16_blob_1_word_1_char_00.png,3,0.9991
cell_r8_c16_blob_1_word_1_char_01.png,5,0.9282
cell_r8_c16_blob_1_word_2_char_00.png,6,0.9905
cell_r8_c16_blob_1_word_2_char_01.png,7,0.9997
cell_r8_c16_blob_1_word_2_char_02.png,4,0.9764
cell_r8_c16_blob_1_word_3_char_00.png,1,0.8079
cell_r8_c16_blob_1_word_3_char_01.png,0,0.4085
cell_r8_c16_blob_1_word_3_char_02.png,2,0.9882
cell_r8_c16_blob_1_word_4_char_00.png,0,0.9993
cell_r8_c16_blob_1_word_5_char_00.png,0,0.9984
cell_r8_c17_blob_1_word_1_char_00_1.png,5,0.9986
cell_r8_c17_blob_1_word_1_char_00_2.png,4,0.9977
cell_r8_c17_blob_1_word_1_char_01.png,5,0.607
cell_r8_c18_blob_1_word_1_char_00.png,7,0.9984
cell_r8_c18_blob_1_word_1_char_01.png,1,0.9999
cell_r8_c18_blob_1_word_2_char_00_1.png,0,0.9937
cell_r8_c18_blob_1_word_2_char_00_2.png,2,0.9548
cell_r8_c18_blob_1_word_2_char_01.png,0,0.9571
cell_r8_c18_blob_1_word_3_char_00.png,5,0.9985
cell_r8_c18_blob_1_word_3_char_01.png,3,0.9788
cell_r8_c18_blob_1_word_3_char_02.png,6,0.4508
cell_r8_c18_blob_1_word_3_char_03.png,2,0.9999
cell_r8_c18_blob_1_word_3_char_04.png,0,0.9957
cell_r8_c19_blob_1_word_1_char_00.png,3,0.9842
cell_r8_c19_blob_1_word_1_char_01.png,5,0.9999
cell_r8_c19_blob_1_word_2_char_00.png,2,0.8606
cell_r8_c19_blob_1_word_2_char_01.png,2,0.4126
cell_r8_c19_blob_1_word_2_char_02.png,4,0.9998
cell_r8_c19_blob_1_word_3_char_00_1.png,6,0.7024
cell_r8_c19_blob_1_word_3_char_00_2.png,4,0.9757
cell_r8_c19_blob_1_word_4_char_00.png,1,1.0
cell_r8_c19_blob_1_word_5_char_00.png,0,0.9813
cell_r8_c19_blob_1_word_5_char_01.png,4,0.9751
cell_r8_c1_blob_1_word_1_char_00.png,5,0.9383
cell_r8_c1_blob_1_word_1_char_01_1.png,6,0.9381
cell_r8_c1_blob_1_word_1_char_01_2.png,0,1.0
cell_r8_c1_blob_1_word_1_char_01_3.png,5,0.981
cell_r8_c1_blob_1_word_1_char_02.png,5,0.6011
cell_r8_c1_blob_1_word_1_char_03_1.png,6,0.7487
cell_r8_c1_blob_1_word_1_char_03_2.png,7,0.9967
cell_r8_c1_blob_1_word_1_char_04.png,1,0.551
cell_r8_c1_blob_1_word_1_char_05.png,8,0.5452
cell_r8_c1_blob_1_word_2_char_00.png,6,0.7275
cell_r8_c1_blob_1_word_2_char_01.png,7,0.5009
cell_r8_c1_blob_1_word_2_char_02_1.png,1,0.3648
cell_r8_c1_blob_1_word_2_char_02_2.png,5,0.7322
cell_r8_c1_blob_1_word_2_char_03.png,6,0.8336
cell_r8_c1_blob_1_word_2_char_04.png,6,0.7656
cell_r8_c1_blob_1_word_2_char_05.png,1,0.9908
cell_r8_c1_blob_1_word_2_char_06.png,6,0.9248
cell_r8_c1_blob_1_word_3_char_00.png,1,0.8055
cell_r8_c1_blob_1_word_3_char_01.png,5,0.9988
cell_r8_c1_blob_1_word_3_char_02.png,3,0.8958
cell_r8_c1_blob_1_word_3_char_03_1.png,1,0.9994
cell_r8_c1_blob_1_word_3_char_03_2.png,4,0.984
cell_r8_c1_blob_1_word_3_char_04.png,2,0.374
cell_r8_c1_blob_1_word_3_char_05.png,2,1.0
cell_r8_c1_blob_1_word_3_char_06_1.png,1,0.93
cell_r8_c1_blob_1_word_3_char_06_2.png,6,0.9916
cell_r8_c1_blob_1_word_3_char_07.png,1,0.7732
cell_r8_c1_blob_1_word_3_char_08.png,7,0.6924
cell_r8_c1_blob_1_word_3_char_09.png,6,0.7279
cell_r8_c1_blob_1_word_3_char_10.png,7,0.838
cell_r8_c1_blob_1_word_4_char_00.png,6,0.7151
cell_r8_c4_blob_1_word_1_char_00.png,7,0.9876
cell_r8_c4_blob_1_word_1_char_01_1.png,7,0.9999
cell_r8_c4_blob_1_word_1_char_01_2.png,7,0.7964
cell_r8_c6_blob_1_word_1_char_00.png,1,0.7073
cell_r8_c6_blob_1_word_1_char_01.png,6,0.9486
cell_r8_c6_blob_1_word_1_char_02.png,6,0.999
cell_r8_c6_blob_1_word_1_char_03_1.png,6,0.5871
cell_r8_c6_blob_1_word_1_char_03_2.png,0,0.6915
cell_r8_c6_blob_1_word_1_char_04.png,6,0.9933
cell_r8_c6_blob_1_word_1_char_05.png,1,0.9687
cell_r8_c6_blob_1_word_1_char_06.png,2,0.9725
cell_r8_c7_blob_1_word_1_char_00.png,0,0.9992
cell_r8_c7_blob_1_word_1_char_01.png,7,0.9498
cell_r8_c7_blob_1_word_1_char_02.png,5,0.9991
cell_r8_c7_blob_1_word_1_char_03.png,0,1.0
cell_r9_c0_blob_1_word_1_char_00.png,3,0.9564
cell_r9_c1_blob_1_word_1_char_00.png,6,0.7053
cell_r9_c1_blob_1_word_1_char_01.png,6,0.797
cell_r9_c1_blob_1_word_2_char_00_1.png,1,0.9996
cell_r9_c1_blob_1_word_2_char_00_2.png,6,0.7871
cell_r9_c1_blob_1_word_2_char_01_1.png,6,0.9983
cell_r9_c1_blob_1_word_2_char_01_2.png,1,0.2517
cell_r9_c1_blob_1_word_2_char_01_3.png,4,0.9876
cell_r9_c1_blob_1_word_2_char_02.png,1,0.9996
cell_r9_c1_blob_1_word_3_char_00_1.png,1,0.9977
cell_r9_c1_blob_1_word_3_char_00_2.png,4,0.8041
cell_r9_c1_blob_1_word_3_char_01.png,6,0.5619
cell_r9_c1_blob_1_word_3_char_02_1.png,6,0.7166
cell_r9_c1_blob_1_word_3_char_02_2.png,6,0.8608
cell_r9_c1_blob_1_word_3_char_03.png,7,0.9189
cell_r9_c1_blob_1_word_3_char_04.png,0,0.7785
cell_r9_c1_blob_1_word_3_char_05.png,7,0.9579
cell_r9_c1_blob_1_word_3_char_06_1.png,6,0.8649
cell_r9_c1_blob_1_word_3_char_06_2.png,5,0.9978
cell_r9_c1_blob_1_word_3_char_07_1.png,7,0.8835
cell_r9_c1_blob_1_word_3_char_07_2.png,7,0.8051
cell_r9_c1_blob_1_word_3_char_08_1.png,7,0.9423
cell_r9_c1_blob_1_word_3_char_08_2.png,6,0.8789
cell_r9_c1_blob_1_word_3_char_09.png,6,0.629
cell_r9_c1_blob_1_word_3_char_10_1.png,0,0.5096
cell_r9_c1_blob_1_word_3_char_10_2.png,1,0.7609
cell_r9_c1_blob_1_word_3_char_11.png,6,0.7885
cell_r9_c1_blob_1_word_3_char_12_1.png,6,0.9315
cell_r9_c1_blob_1_word_3_char_12_2.png,1,0.9995
cell_r9_c1_blob_1_word_4_char_00.png,6,0.9964
cell_r9_c1_blob_1_word_4_char_01.png,6,0.9567
cell_r9_c1_blob_1_word_4_char_02_1.png,1,0.9933
cell_r9_c1_blob_1_word_4_char_02_2.png,4,0.996
cell_r9_c1_blob_1_word_4_char_03.png,0,1.0
cell_r9_c1_blob_1_word_4_char_04_1.png,0,0.9635
cell_r9_c1_blob_1_word_4_char_04_2.png,8,0.9838
cell_r9_c1_blob_1_word_4_char_05_1.png,1,0.9748
cell_r9_c1_blob_1_word_4_char_05_2.png,3,0.7206
cell_r9_c1_blob_1_word_4_char_06.png,6,0.9899
cell_r9_c1_blob_1_word_4_char_07.png,5,0.9113
cell_r9_c1_blob_1_word_4_char_08.png,8,0.9288
cell_r9_c1_blob_1_word_4_char_09_1.png,0,0.9577
cell_r9_c1_blob_1_word_4_char_09_2.png,3,0.3627
cell_r9_c1_blob_1_word_5_char_00.png,1,1.0
cell_r9_c1_blob_1_word_5_char_01.png,0,1.0
cell_r9_c1_blob_1_word_6_char_00.png,6,0.9866
cell_r9_c1_blob_1_word_6_char_01.png,1,1.0
cell_r9_c1_blob_1_word_6_char_02.png,1,0.8203
